date,region,exposure_status-etat_verification,count-nombre
2021-03-27,AB,exposed-expose,<20
2021-03-27,AB,monitoring-surveillance,<20
2021-03-27,BC,exposed-expose,<20
2021-03-27,BC,monitoring-surveillance,<20
2021-03-27,MB,exposed-expose,<20
2021-03-27,MB,monitoring-surveillance,<20
2021-03-27,NB,exposed-expose,<20
2021-03-27,NB,monitoring-surveillance,<20
2021-03-27,NL,exposed-expose,<20
2021-03-27,NL,monitoring-surveillance,<20
2021-03-27,NT,exposed-expose,<20
2021-03-27,NT,monitoring-surveillance,<20
2021-03-27,NS,exposed-expose,<20
2021-03-27,NS,monitoring-surveillance,<20
2021-03-27,NU,exposed-expose,<20
2021-03-27,NU,monitoring-surveillance,<20
2021-03-27,ON,exposed-expose,<20
2021-03-27,ON,monitoring-surveillance,<20
2021-03-27,PE,exposed-expose,<20
2021-03-27,PE,monitoring-surveillance,<20
2021-03-27,QC,exposed-expose,<20
2021-03-27,QC,monitoring-surveillance,<20
2021-03-27,SK,exposed-expose,<20
2021-03-27,SK,monitoring-surveillance,<20
2021-03-27,YT,exposed-expose,<20
2021-03-27,YT,monitoring-surveillance,<20
2021-03-27,npts-ptso,exposed-expose,<20
2021-03-27,npts-ptso,monitoring-surveillance,<20
2021-03-28,AB,exposed-expose,<20
2021-03-28,AB,monitoring-surveillance,<20
2021-03-28,BC,exposed-expose,<20
2021-03-28,BC,monitoring-surveillance,<20
2021-03-28,MB,exposed-expose,<20
2021-03-28,MB,monitoring-surveillance,<20
2021-03-28,NB,exposed-expose,<20
2021-03-28,NB,monitoring-surveillance,<20
2021-03-28,NL,exposed-expose,<20
2021-03-28,NL,monitoring-surveillance,<20
2021-03-28,NT,exposed-expose,<20
2021-03-28,NT,monitoring-surveillance,<20
2021-03-28,NS,exposed-expose,<20
2021-03-28,NS,monitoring-surveillance,<20
2021-03-28,NU,exposed-expose,<20
2021-03-28,NU,monitoring-surveillance,<20
2021-03-28,ON,exposed-expose,<20
2021-03-28,ON,monitoring-surveillance,<20
2021-03-28,PE,exposed-expose,<20
2021-03-28,PE,monitoring-surveillance,<20
2021-03-28,QC,exposed-expose,<20
2021-03-28,QC,monitoring-surveillance,<20
2021-03-28,SK,exposed-expose,<20
2021-03-28,SK,monitoring-surveillance,<20
2021-03-28,YT,exposed-expose,<20
2021-03-28,YT,monitoring-surveillance,<20
2021-03-28,npts-ptso,exposed-expose,<20
2021-03-28,npts-ptso,monitoring-surveillance,<20
2021-03-29,AB,exposed-expose,<20
2021-03-29,AB,monitoring-surveillance,<20
2021-03-29,BC,exposed-expose,<20
2021-03-29,BC,monitoring-surveillance,<20
2021-03-29,MB,exposed-expose,<20
2021-03-29,MB,monitoring-surveillance,<20
2021-03-29,NB,exposed-expose,<20
2021-03-29,NB,monitoring-surveillance,<20
2021-03-29,NL,exposed-expose,<20
2021-03-29,NL,monitoring-surveillance,<20
2021-03-29,NT,exposed-expose,<20
2021-03-29,NT,monitoring-surveillance,<20
2021-03-29,NS,exposed-expose,<20
2021-03-29,NS,monitoring-surveillance,<20
2021-03-29,NU,exposed-expose,<20
2021-03-29,NU,monitoring-surveillance,<20
2021-03-29,ON,exposed-expose,<20
2021-03-29,ON,monitoring-surveillance,<20
2021-03-29,PE,exposed-expose,<20
2021-03-29,PE,monitoring-surveillance,<20
2021-03-29,QC,exposed-expose,<20
2021-03-29,QC,monitoring-surveillance,<20
2021-03-29,SK,exposed-expose,<20
2021-03-29,SK,monitoring-surveillance,<20
2021-03-29,YT,exposed-expose,<20
2021-03-29,YT,monitoring-surveillance,<20
2021-03-29,npts-ptso,exposed-expose,<20
2021-03-29,npts-ptso,monitoring-surveillance,<20
2021-03-30,AB,exposed-expose,<20
2021-03-30,AB,monitoring-surveillance,<20
2021-03-30,BC,exposed-expose,<20
2021-03-30,BC,monitoring-surveillance,<20
2021-03-30,MB,exposed-expose,<20
2021-03-30,MB,monitoring-surveillance,<20
2021-03-30,NB,exposed-expose,<20
2021-03-30,NB,monitoring-surveillance,<20
2021-03-30,NL,exposed-expose,<20
2021-03-30,NL,monitoring-surveillance,<20
2021-03-30,NT,exposed-expose,<20
2021-03-30,NT,monitoring-surveillance,<20
2021-03-30,NS,exposed-expose,<20
2021-03-30,NS,monitoring-surveillance,<20
2021-03-30,NU,exposed-expose,<20
2021-03-30,NU,monitoring-surveillance,<20
2021-03-30,ON,exposed-expose,<20
2021-03-30,ON,monitoring-surveillance,<20
2021-03-30,PE,exposed-expose,<20
2021-03-30,PE,monitoring-surveillance,<20
2021-03-30,QC,exposed-expose,<20
2021-03-30,QC,monitoring-surveillance,<20
2021-03-30,SK,exposed-expose,<20
2021-03-30,SK,monitoring-surveillance,<20
2021-03-30,YT,exposed-expose,<20
2021-03-30,YT,monitoring-surveillance,<20
2021-03-30,npts-ptso,exposed-expose,<20
2021-03-30,npts-ptso,monitoring-surveillance,<20
2021-03-31,AB,exposed-expose,<20
2021-03-31,AB,monitoring-surveillance,<20
2021-03-31,BC,exposed-expose,<20
2021-03-31,BC,monitoring-surveillance,<20
2021-03-31,MB,exposed-expose,<20
2021-03-31,MB,monitoring-surveillance,<20
2021-03-31,NB,exposed-expose,<20
2021-03-31,NB,monitoring-surveillance,<20
2021-03-31,NL,exposed-expose,<20
2021-03-31,NL,monitoring-surveillance,<20
2021-03-31,NT,exposed-expose,<20
2021-03-31,NT,monitoring-surveillance,<20
2021-03-31,NS,exposed-expose,<20
2021-03-31,NS,monitoring-surveillance,<20
2021-03-31,NU,exposed-expose,<20
2021-03-31,NU,monitoring-surveillance,<20
2021-03-31,ON,exposed-expose,<20
2021-03-31,ON,monitoring-surveillance,<20
2021-03-31,PE,exposed-expose,<20
2021-03-31,PE,monitoring-surveillance,<20
2021-03-31,QC,exposed-expose,<20
2021-03-31,QC,monitoring-surveillance,<20
2021-03-31,SK,exposed-expose,<20
2021-03-31,SK,monitoring-surveillance,<20
2021-03-31,YT,exposed-expose,<20
2021-03-31,YT,monitoring-surveillance,<20
2021-03-31,npts-ptso,exposed-expose,<20
2021-03-31,npts-ptso,monitoring-surveillance,<20
2021-04-01,AB,exposed-expose,<20
2021-04-01,AB,monitoring-surveillance,<20
2021-04-01,BC,exposed-expose,<20
2021-04-01,BC,monitoring-surveillance,<20
2021-04-01,MB,exposed-expose,<20
2021-04-01,MB,monitoring-surveillance,<20
2021-04-01,NB,exposed-expose,<20
2021-04-01,NB,monitoring-surveillance,<20
2021-04-01,NL,exposed-expose,<20
2021-04-01,NL,monitoring-surveillance,<20
2021-04-01,NT,exposed-expose,<20
2021-04-01,NT,monitoring-surveillance,<20
2021-04-01,NS,exposed-expose,<20
2021-04-01,NS,monitoring-surveillance,<20
2021-04-01,NU,exposed-expose,<20
2021-04-01,NU,monitoring-surveillance,<20
2021-04-01,ON,exposed-expose,<20
2021-04-01,ON,monitoring-surveillance,<20
2021-04-01,PE,exposed-expose,<20
2021-04-01,PE,monitoring-surveillance,<20
2021-04-01,QC,exposed-expose,<20
2021-04-01,QC,monitoring-surveillance,<20
2021-04-01,SK,exposed-expose,<20
2021-04-01,SK,monitoring-surveillance,<20
2021-04-01,YT,exposed-expose,<20
2021-04-01,YT,monitoring-surveillance,<20
2021-04-01,npts-ptso,exposed-expose,<20
2021-04-01,npts-ptso,monitoring-surveillance,<20
2021-04-02,AB,exposed-expose,<20
2021-04-02,AB,monitoring-surveillance,<20
2021-04-02,BC,exposed-expose,<20
2021-04-02,BC,monitoring-surveillance,<20
2021-04-02,MB,exposed-expose,<20
2021-04-02,MB,monitoring-surveillance,<20
2021-04-02,NB,exposed-expose,<20
2021-04-02,NB,monitoring-surveillance,<20
2021-04-02,NL,exposed-expose,<20
2021-04-02,NL,monitoring-surveillance,<20
2021-04-02,NT,exposed-expose,<20
2021-04-02,NT,monitoring-surveillance,<20
2021-04-02,NS,exposed-expose,<20
2021-04-02,NS,monitoring-surveillance,<20
2021-04-02,NU,exposed-expose,<20
2021-04-02,NU,monitoring-surveillance,<20
2021-04-02,ON,exposed-expose,<20
2021-04-02,ON,monitoring-surveillance,<20
2021-04-02,PE,exposed-expose,<20
2021-04-02,PE,monitoring-surveillance,<20
2021-04-02,QC,exposed-expose,<20
2021-04-02,QC,monitoring-surveillance,<20
2021-04-02,SK,exposed-expose,<20
2021-04-02,SK,monitoring-surveillance,<20
2021-04-02,YT,exposed-expose,<20
2021-04-02,YT,monitoring-surveillance,<20
2021-04-02,npts-ptso,exposed-expose,<20
2021-04-02,npts-ptso,monitoring-surveillance,<20
2021-04-03,AB,exposed-expose,<20
2021-04-03,AB,monitoring-surveillance,<20
2021-04-03,BC,exposed-expose,<20
2021-04-03,BC,monitoring-surveillance,<20
2021-04-03,MB,exposed-expose,<20
2021-04-03,MB,monitoring-surveillance,<20
2021-04-03,NB,exposed-expose,<20
2021-04-03,NB,monitoring-surveillance,<20
2021-04-03,NL,exposed-expose,<20
2021-04-03,NL,monitoring-surveillance,<20
2021-04-03,NT,exposed-expose,<20
2021-04-03,NT,monitoring-surveillance,<20
2021-04-03,NS,exposed-expose,<20
2021-04-03,NS,monitoring-surveillance,<20
2021-04-03,NU,exposed-expose,<20
2021-04-03,NU,monitoring-surveillance,<20
2021-04-03,ON,exposed-expose,<20
2021-04-03,ON,monitoring-surveillance,<20
2021-04-03,PE,exposed-expose,<20
2021-04-03,PE,monitoring-surveillance,<20
2021-04-03,QC,exposed-expose,<20
2021-04-03,QC,monitoring-surveillance,<20
2021-04-03,SK,exposed-expose,<20
2021-04-03,SK,monitoring-surveillance,<20
2021-04-03,YT,exposed-expose,<20
2021-04-03,YT,monitoring-surveillance,<20
2021-04-03,npts-ptso,exposed-expose,<20
2021-04-03,npts-ptso,monitoring-surveillance,<20
2021-04-04,AB,exposed-expose,<20
2021-04-04,AB,monitoring-surveillance,<20
2021-04-04,BC,exposed-expose,<20
2021-04-04,BC,monitoring-surveillance,<20
2021-04-04,MB,exposed-expose,<20
2021-04-04,MB,monitoring-surveillance,<20
2021-04-04,NB,exposed-expose,<20
2021-04-04,NB,monitoring-surveillance,<20
2021-04-04,NL,exposed-expose,<20
2021-04-04,NL,monitoring-surveillance,<20
2021-04-04,NT,exposed-expose,<20
2021-04-04,NT,monitoring-surveillance,<20
2021-04-04,NS,exposed-expose,<20
2021-04-04,NS,monitoring-surveillance,<20
2021-04-04,NU,exposed-expose,<20
2021-04-04,NU,monitoring-surveillance,<20
2021-04-04,ON,exposed-expose,<20
2021-04-04,ON,monitoring-surveillance,<20
2021-04-04,PE,exposed-expose,<20
2021-04-04,PE,monitoring-surveillance,<20
2021-04-04,QC,exposed-expose,<20
2021-04-04,QC,monitoring-surveillance,<20
2021-04-04,SK,exposed-expose,<20
2021-04-04,SK,monitoring-surveillance,<20
2021-04-04,YT,exposed-expose,<20
2021-04-04,YT,monitoring-surveillance,<20
2021-04-04,npts-ptso,exposed-expose,<20
2021-04-04,npts-ptso,monitoring-surveillance,<20
2021-04-05,AB,exposed-expose,<20
2021-04-05,AB,monitoring-surveillance,<20
2021-04-05,BC,exposed-expose,<20
2021-04-05,BC,monitoring-surveillance,<20
2021-04-05,MB,exposed-expose,<20
2021-04-05,MB,monitoring-surveillance,<20
2021-04-05,NB,exposed-expose,<20
2021-04-05,NB,monitoring-surveillance,<20
2021-04-05,NL,exposed-expose,<20
2021-04-05,NL,monitoring-surveillance,<20
2021-04-05,NT,exposed-expose,<20
2021-04-05,NT,monitoring-surveillance,<20
2021-04-05,NS,exposed-expose,<20
2021-04-05,NS,monitoring-surveillance,<20
2021-04-05,NU,exposed-expose,<20
2021-04-05,NU,monitoring-surveillance,<20
2021-04-05,ON,exposed-expose,<20
2021-04-05,ON,monitoring-surveillance,<20
2021-04-05,PE,exposed-expose,<20
2021-04-05,PE,monitoring-surveillance,<20
2021-04-05,QC,exposed-expose,<20
2021-04-05,QC,monitoring-surveillance,<20
2021-04-05,SK,exposed-expose,<20
2021-04-05,SK,monitoring-surveillance,<20
2021-04-05,YT,exposed-expose,<20
2021-04-05,YT,monitoring-surveillance,<20
2021-04-05,npts-ptso,exposed-expose,<20
2021-04-05,npts-ptso,monitoring-surveillance,<20
2021-04-06,AB,exposed-expose,<20
2021-04-06,AB,monitoring-surveillance,<20
2021-04-06,BC,exposed-expose,<20
2021-04-06,BC,monitoring-surveillance,<20
2021-04-06,MB,exposed-expose,<20
2021-04-06,MB,monitoring-surveillance,<20
2021-04-06,NB,exposed-expose,<20
2021-04-06,NB,monitoring-surveillance,<20
2021-04-06,NL,exposed-expose,<20
2021-04-06,NL,monitoring-surveillance,<20
2021-04-06,NT,exposed-expose,<20
2021-04-06,NT,monitoring-surveillance,<20
2021-04-06,NS,exposed-expose,<20
2021-04-06,NS,monitoring-surveillance,<20
2021-04-06,NU,exposed-expose,<20
2021-04-06,NU,monitoring-surveillance,<20
2021-04-06,ON,exposed-expose,<20
2021-04-06,ON,monitoring-surveillance,<20
2021-04-06,PE,exposed-expose,<20
2021-04-06,PE,monitoring-surveillance,<20
2021-04-06,QC,exposed-expose,<20
2021-04-06,QC,monitoring-surveillance,<20
2021-04-06,SK,exposed-expose,<20
2021-04-06,SK,monitoring-surveillance,<20
2021-04-06,YT,exposed-expose,<20
2021-04-06,YT,monitoring-surveillance,<20
2021-04-06,npts-ptso,exposed-expose,<20
2021-04-06,npts-ptso,monitoring-surveillance,<20
2021-04-07,AB,exposed-expose,<20
2021-04-07,AB,monitoring-surveillance,<20
2021-04-07,BC,exposed-expose,<20
2021-04-07,BC,monitoring-surveillance,<20
2021-04-07,MB,exposed-expose,<20
2021-04-07,MB,monitoring-surveillance,<20
2021-04-07,NB,exposed-expose,<20
2021-04-07,NB,monitoring-surveillance,<20
2021-04-07,NL,exposed-expose,<20
2021-04-07,NL,monitoring-surveillance,<20
2021-04-07,NT,exposed-expose,<20
2021-04-07,NT,monitoring-surveillance,<20
2021-04-07,NS,exposed-expose,<20
2021-04-07,NS,monitoring-surveillance,<20
2021-04-07,NU,exposed-expose,<20
2021-04-07,NU,monitoring-surveillance,<20
2021-04-07,ON,exposed-expose,39
2021-04-07,ON,monitoring-surveillance,<20
2021-04-07,PE,exposed-expose,<20
2021-04-07,PE,monitoring-surveillance,<20
2021-04-07,QC,exposed-expose,<20
2021-04-07,QC,monitoring-surveillance,<20
2021-04-07,SK,exposed-expose,<20
2021-04-07,SK,monitoring-surveillance,<20
2021-04-07,YT,exposed-expose,<20
2021-04-07,YT,monitoring-surveillance,<20
2021-04-07,npts-ptso,exposed-expose,<20
2021-04-07,npts-ptso,monitoring-surveillance,<20
2021-04-08,AB,exposed-expose,<20
2021-04-08,AB,monitoring-surveillance,<20
2021-04-08,BC,exposed-expose,<20
2021-04-08,BC,monitoring-surveillance,<20
2021-04-08,MB,exposed-expose,<20
2021-04-08,MB,monitoring-surveillance,<20
2021-04-08,NB,exposed-expose,<20
2021-04-08,NB,monitoring-surveillance,<20
2021-04-08,NL,exposed-expose,<20
2021-04-08,NL,monitoring-surveillance,<20
2021-04-08,NT,exposed-expose,<20
2021-04-08,NT,monitoring-surveillance,<20
2021-04-08,NS,exposed-expose,<20
2021-04-08,NS,monitoring-surveillance,<20
2021-04-08,NU,exposed-expose,<20
2021-04-08,NU,monitoring-surveillance,<20
2021-04-08,ON,exposed-expose,549
2021-04-08,ON,monitoring-surveillance,124
2021-04-08,PE,exposed-expose,<20
2021-04-08,PE,monitoring-surveillance,<20
2021-04-08,QC,exposed-expose,44
2021-04-08,QC,monitoring-surveillance,<20
2021-04-08,SK,exposed-expose,<20
2021-04-08,SK,monitoring-surveillance,<20
2021-04-08,YT,exposed-expose,<20
2021-04-08,YT,monitoring-surveillance,<20
2021-04-08,npts-ptso,exposed-expose,29
2021-04-08,npts-ptso,monitoring-surveillance,<20
2021-04-09,AB,exposed-expose,<20
2021-04-09,AB,monitoring-surveillance,<20
2021-04-09,BC,exposed-expose,<20
2021-04-09,BC,monitoring-surveillance,<20
2021-04-09,MB,exposed-expose,<20
2021-04-09,MB,monitoring-surveillance,<20
2021-04-09,NB,exposed-expose,<20
2021-04-09,NB,monitoring-surveillance,<20
2021-04-09,NL,exposed-expose,<20
2021-04-09,NL,monitoring-surveillance,<20
2021-04-09,NT,exposed-expose,<20
2021-04-09,NT,monitoring-surveillance,<20
2021-04-09,NS,exposed-expose,<20
2021-04-09,NS,monitoring-surveillance,<20
2021-04-09,NU,exposed-expose,<20
2021-04-09,NU,monitoring-surveillance,<20
2021-04-09,ON,exposed-expose,821
2021-04-09,ON,monitoring-surveillance,254
2021-04-09,PE,exposed-expose,<20
2021-04-09,PE,monitoring-surveillance,<20
2021-04-09,QC,exposed-expose,91
2021-04-09,QC,monitoring-surveillance,<20
2021-04-09,SK,exposed-expose,25
2021-04-09,SK,monitoring-surveillance,<20
2021-04-09,YT,exposed-expose,<20
2021-04-09,YT,monitoring-surveillance,<20
2021-04-09,npts-ptso,exposed-expose,37
2021-04-09,npts-ptso,monitoring-surveillance,<20
2021-04-10,AB,exposed-expose,<20
2021-04-10,AB,monitoring-surveillance,<20
2021-04-10,BC,exposed-expose,<20
2021-04-10,BC,monitoring-surveillance,<20
2021-04-10,MB,exposed-expose,<20
2021-04-10,MB,monitoring-surveillance,<20
2021-04-10,NB,exposed-expose,<20
2021-04-10,NB,monitoring-surveillance,<20
2021-04-10,NL,exposed-expose,<20
2021-04-10,NL,monitoring-surveillance,<20
2021-04-10,NT,exposed-expose,<20
2021-04-10,NT,monitoring-surveillance,<20
2021-04-10,NS,exposed-expose,<20
2021-04-10,NS,monitoring-surveillance,<20
2021-04-10,NU,exposed-expose,<20
2021-04-10,NU,monitoring-surveillance,<20
2021-04-10,ON,exposed-expose,902
2021-04-10,ON,monitoring-surveillance,280
2021-04-10,PE,exposed-expose,<20
2021-04-10,PE,monitoring-surveillance,<20
2021-04-10,QC,exposed-expose,86
2021-04-10,QC,monitoring-surveillance,<20
2021-04-10,SK,exposed-expose,22
2021-04-10,SK,monitoring-surveillance,<20
2021-04-10,YT,exposed-expose,<20
2021-04-10,YT,monitoring-surveillance,<20
2021-04-10,npts-ptso,exposed-expose,38
2021-04-10,npts-ptso,monitoring-surveillance,<20
2021-04-11,AB,exposed-expose,<20
2021-04-11,AB,monitoring-surveillance,<20
2021-04-11,BC,exposed-expose,<20
2021-04-11,BC,monitoring-surveillance,<20
2021-04-11,MB,exposed-expose,36
2021-04-11,MB,monitoring-surveillance,<20
2021-04-11,NB,exposed-expose,<20
2021-04-11,NB,monitoring-surveillance,<20
2021-04-11,NL,exposed-expose,<20
2021-04-11,NL,monitoring-surveillance,<20
2021-04-11,NT,exposed-expose,<20
2021-04-11,NT,monitoring-surveillance,<20
2021-04-11,NS,exposed-expose,<20
2021-04-11,NS,monitoring-surveillance,<20
2021-04-11,NU,exposed-expose,<20
2021-04-11,NU,monitoring-surveillance,<20
2021-04-11,ON,exposed-expose,889
2021-04-11,ON,monitoring-surveillance,243
2021-04-11,PE,exposed-expose,<20
2021-04-11,PE,monitoring-surveillance,<20
2021-04-11,QC,exposed-expose,91
2021-04-11,QC,monitoring-surveillance,<20
2021-04-11,SK,exposed-expose,26
2021-04-11,SK,monitoring-surveillance,<20
2021-04-11,YT,exposed-expose,<20
2021-04-11,YT,monitoring-surveillance,<20
2021-04-11,npts-ptso,exposed-expose,49
2021-04-11,npts-ptso,monitoring-surveillance,<20
2021-04-12,AB,exposed-expose,<20
2021-04-12,AB,monitoring-surveillance,<20
2021-04-12,BC,exposed-expose,<20
2021-04-12,BC,monitoring-surveillance,<20
2021-04-12,MB,exposed-expose,<20
2021-04-12,MB,monitoring-surveillance,<20
2021-04-12,NB,exposed-expose,<20
2021-04-12,NB,monitoring-surveillance,<20
2021-04-12,NL,exposed-expose,<20
2021-04-12,NL,monitoring-surveillance,<20
2021-04-12,NT,exposed-expose,<20
2021-04-12,NT,monitoring-surveillance,<20
2021-04-12,NS,exposed-expose,<20
2021-04-12,NS,monitoring-surveillance,<20
2021-04-12,NU,exposed-expose,<20
2021-04-12,NU,monitoring-surveillance,<20
2021-04-12,ON,exposed-expose,911
2021-04-12,ON,monitoring-surveillance,263
2021-04-12,PE,exposed-expose,<20
2021-04-12,PE,monitoring-surveillance,<20
2021-04-12,QC,exposed-expose,105
2021-04-12,QC,monitoring-surveillance,<20
2021-04-12,SK,exposed-expose,<20
2021-04-12,SK,monitoring-surveillance,<20
2021-04-12,YT,exposed-expose,<20
2021-04-12,YT,monitoring-surveillance,<20
2021-04-12,npts-ptso,exposed-expose,43
2021-04-12,npts-ptso,monitoring-surveillance,<20
2021-04-13,AB,exposed-expose,<20
2021-04-13,AB,monitoring-surveillance,<20
2021-04-13,BC,exposed-expose,<20
2021-04-13,BC,monitoring-surveillance,<20
2021-04-13,MB,exposed-expose,<20
2021-04-13,MB,monitoring-surveillance,<20
2021-04-13,NB,exposed-expose,<20
2021-04-13,NB,monitoring-surveillance,<20
2021-04-13,NL,exposed-expose,<20
2021-04-13,NL,monitoring-surveillance,<20
2021-04-13,NT,exposed-expose,<20
2021-04-13,NT,monitoring-surveillance,<20
2021-04-13,NS,exposed-expose,<20
2021-04-13,NS,monitoring-surveillance,<20
2021-04-13,NU,exposed-expose,<20
2021-04-13,NU,monitoring-surveillance,<20
2021-04-13,ON,exposed-expose,957
2021-04-13,ON,monitoring-surveillance,267
2021-04-13,PE,exposed-expose,<20
2021-04-13,PE,monitoring-surveillance,<20
2021-04-13,QC,exposed-expose,102
2021-04-13,QC,monitoring-surveillance,<20
2021-04-13,SK,exposed-expose,33
2021-04-13,SK,monitoring-surveillance,<20
2021-04-13,YT,exposed-expose,<20
2021-04-13,YT,monitoring-surveillance,<20
2021-04-13,npts-ptso,exposed-expose,60
2021-04-13,npts-ptso,monitoring-surveillance,<20
2021-04-14,AB,exposed-expose,<20
2021-04-14,AB,monitoring-surveillance,<20
2021-04-14,BC,exposed-expose,<20
2021-04-14,BC,monitoring-surveillance,<20
2021-04-14,MB,exposed-expose,30
2021-04-14,MB,monitoring-surveillance,<20
2021-04-14,NB,exposed-expose,<20
2021-04-14,NB,monitoring-surveillance,<20
2021-04-14,NL,exposed-expose,<20
2021-04-14,NL,monitoring-surveillance,<20
2021-04-14,NT,exposed-expose,<20
2021-04-14,NT,monitoring-surveillance,<20
2021-04-14,NS,exposed-expose,<20
2021-04-14,NS,monitoring-surveillance,<20
2021-04-14,NU,exposed-expose,<20
2021-04-14,NU,monitoring-surveillance,<20
2021-04-14,ON,exposed-expose,991
2021-04-14,ON,monitoring-surveillance,288
2021-04-14,PE,exposed-expose,<20
2021-04-14,PE,monitoring-surveillance,<20
2021-04-14,QC,exposed-expose,108
2021-04-14,QC,monitoring-surveillance,<20
2021-04-14,SK,exposed-expose,37
2021-04-14,SK,monitoring-surveillance,<20
2021-04-14,YT,exposed-expose,<20
2021-04-14,YT,monitoring-surveillance,<20
2021-04-14,npts-ptso,exposed-expose,54
2021-04-14,npts-ptso,monitoring-surveillance,<20
2021-04-15,AB,exposed-expose,<20
2021-04-15,AB,monitoring-surveillance,<20
2021-04-15,BC,exposed-expose,<20
2021-04-15,BC,monitoring-surveillance,<20
2021-04-15,MB,exposed-expose,33
2021-04-15,MB,monitoring-surveillance,<20
2021-04-15,NB,exposed-expose,<20
2021-04-15,NB,monitoring-surveillance,<20
2021-04-15,NL,exposed-expose,<20
2021-04-15,NL,monitoring-surveillance,<20
2021-04-15,NT,exposed-expose,<20
2021-04-15,NT,monitoring-surveillance,<20
2021-04-15,NS,exposed-expose,<20
2021-04-15,NS,monitoring-surveillance,<20
2021-04-15,NU,exposed-expose,<20
2021-04-15,NU,monitoring-surveillance,<20
2021-04-15,ON,exposed-expose,968
2021-04-15,ON,monitoring-surveillance,221
2021-04-15,PE,exposed-expose,<20
2021-04-15,PE,monitoring-surveillance,<20
2021-04-15,QC,exposed-expose,73
2021-04-15,QC,monitoring-surveillance,<20
2021-04-15,SK,exposed-expose,52
2021-04-15,SK,monitoring-surveillance,<20
2021-04-15,YT,exposed-expose,<20
2021-04-15,YT,monitoring-surveillance,<20
2021-04-15,npts-ptso,exposed-expose,40
2021-04-15,npts-ptso,monitoring-surveillance,<20
2021-04-16,AB,exposed-expose,<20
2021-04-16,AB,monitoring-surveillance,<20
2021-04-16,BC,exposed-expose,<20
2021-04-16,BC,monitoring-surveillance,<20
2021-04-16,MB,exposed-expose,29
2021-04-16,MB,monitoring-surveillance,<20
2021-04-16,NB,exposed-expose,<20
2021-04-16,NB,monitoring-surveillance,<20
2021-04-16,NL,exposed-expose,<20
2021-04-16,NL,monitoring-surveillance,<20
2021-04-16,NT,exposed-expose,<20
2021-04-16,NT,monitoring-surveillance,<20
2021-04-16,NS,exposed-expose,<20
2021-04-16,NS,monitoring-surveillance,<20
2021-04-16,NU,exposed-expose,<20
2021-04-16,NU,monitoring-surveillance,<20
2021-04-16,ON,exposed-expose,1095
2021-04-16,ON,monitoring-surveillance,260
2021-04-16,PE,exposed-expose,<20
2021-04-16,PE,monitoring-surveillance,<20
2021-04-16,QC,exposed-expose,78
2021-04-16,QC,monitoring-surveillance,<20
2021-04-16,SK,exposed-expose,33
2021-04-16,SK,monitoring-surveillance,<20
2021-04-16,YT,exposed-expose,<20
2021-04-16,YT,monitoring-surveillance,<20
2021-04-16,npts-ptso,exposed-expose,41
2021-04-16,npts-ptso,monitoring-surveillance,<20
2021-04-17,AB,exposed-expose,<20
2021-04-17,AB,monitoring-surveillance,<20
2021-04-17,BC,exposed-expose,<20
2021-04-17,BC,monitoring-surveillance,<20
2021-04-17,MB,exposed-expose,41
2021-04-17,MB,monitoring-surveillance,<20
2021-04-17,NB,exposed-expose,<20
2021-04-17,NB,monitoring-surveillance,<20
2021-04-17,NL,exposed-expose,<20
2021-04-17,NL,monitoring-surveillance,<20
2021-04-17,NT,exposed-expose,<20
2021-04-17,NT,monitoring-surveillance,<20
2021-04-17,NS,exposed-expose,<20
2021-04-17,NS,monitoring-surveillance,<20
2021-04-17,NU,exposed-expose,<20
2021-04-17,NU,monitoring-surveillance,<20
2021-04-17,ON,exposed-expose,939
2021-04-17,ON,monitoring-surveillance,231
2021-04-17,PE,exposed-expose,<20
2021-04-17,PE,monitoring-surveillance,<20
2021-04-17,QC,exposed-expose,62
2021-04-17,QC,monitoring-surveillance,<20
2021-04-17,SK,exposed-expose,39
2021-04-17,SK,monitoring-surveillance,<20
2021-04-17,YT,exposed-expose,<20
2021-04-17,YT,monitoring-surveillance,<20
2021-04-17,npts-ptso,exposed-expose,41
2021-04-17,npts-ptso,monitoring-surveillance,<20
2021-04-18,AB,exposed-expose,<20
2021-04-18,AB,monitoring-surveillance,<20
2021-04-18,BC,exposed-expose,<20
2021-04-18,BC,monitoring-surveillance,<20
2021-04-18,MB,exposed-expose,32
2021-04-18,MB,monitoring-surveillance,<20
2021-04-18,NB,exposed-expose,<20
2021-04-18,NB,monitoring-surveillance,<20
2021-04-18,NL,exposed-expose,<20
2021-04-18,NL,monitoring-surveillance,<20
2021-04-18,NT,exposed-expose,<20
2021-04-18,NT,monitoring-surveillance,<20
2021-04-18,NS,exposed-expose,<20
2021-04-18,NS,monitoring-surveillance,<20
2021-04-18,NU,exposed-expose,<20
2021-04-18,NU,monitoring-surveillance,<20
2021-04-18,ON,exposed-expose,1066
2021-04-18,ON,monitoring-surveillance,243
2021-04-18,PE,exposed-expose,<20
2021-04-18,PE,monitoring-surveillance,<20
2021-04-18,QC,exposed-expose,71
2021-04-18,QC,monitoring-surveillance,<20
2021-04-18,SK,exposed-expose,30
2021-04-18,SK,monitoring-surveillance,<20
2021-04-18,YT,exposed-expose,<20
2021-04-18,YT,monitoring-surveillance,<20
2021-04-18,npts-ptso,exposed-expose,49
2021-04-18,npts-ptso,monitoring-surveillance,<20
2021-04-19,AB,exposed-expose,<20
2021-04-19,AB,monitoring-surveillance,<20
2021-04-19,BC,exposed-expose,<20
2021-04-19,BC,monitoring-surveillance,<20
2021-04-19,MB,exposed-expose,48
2021-04-19,MB,monitoring-surveillance,<20
2021-04-19,NB,exposed-expose,<20
2021-04-19,NB,monitoring-surveillance,<20
2021-04-19,NL,exposed-expose,<20
2021-04-19,NL,monitoring-surveillance,<20
2021-04-19,NT,exposed-expose,<20
2021-04-19,NT,monitoring-surveillance,<20
2021-04-19,NS,exposed-expose,<20
2021-04-19,NS,monitoring-surveillance,<20
2021-04-19,NU,exposed-expose,<20
2021-04-19,NU,monitoring-surveillance,<20
2021-04-19,ON,exposed-expose,953
2021-04-19,ON,monitoring-surveillance,226
2021-04-19,PE,exposed-expose,<20
2021-04-19,PE,monitoring-surveillance,<20
2021-04-19,QC,exposed-expose,70
2021-04-19,QC,monitoring-surveillance,20
2021-04-19,SK,exposed-expose,22
2021-04-19,SK,monitoring-surveillance,<20
2021-04-19,YT,exposed-expose,<20
2021-04-19,YT,monitoring-surveillance,<20
2021-04-19,npts-ptso,exposed-expose,28
2021-04-19,npts-ptso,monitoring-surveillance,<20
2021-04-20,AB,exposed-expose,<20
2021-04-20,AB,monitoring-surveillance,<20
2021-04-20,BC,exposed-expose,<20
2021-04-20,BC,monitoring-surveillance,<20
2021-04-20,MB,exposed-expose,48
2021-04-20,MB,monitoring-surveillance,<20
2021-04-20,NB,exposed-expose,<20
2021-04-20,NB,monitoring-surveillance,<20
2021-04-20,NL,exposed-expose,<20
2021-04-20,NL,monitoring-surveillance,<20
2021-04-20,NT,exposed-expose,<20
2021-04-20,NT,monitoring-surveillance,<20
2021-04-20,NS,exposed-expose,<20
2021-04-20,NS,monitoring-surveillance,<20
2021-04-20,NU,exposed-expose,<20
2021-04-20,NU,monitoring-surveillance,<20
2021-04-20,ON,exposed-expose,815
2021-04-20,ON,monitoring-surveillance,191
2021-04-20,PE,exposed-expose,<20
2021-04-20,PE,monitoring-surveillance,<20
2021-04-20,QC,exposed-expose,46
2021-04-20,QC,monitoring-surveillance,27
2021-04-20,SK,exposed-expose,24
2021-04-20,SK,monitoring-surveillance,<20
2021-04-20,YT,exposed-expose,<20
2021-04-20,YT,monitoring-surveillance,<20
2021-04-20,npts-ptso,exposed-expose,29
2021-04-20,npts-ptso,monitoring-surveillance,<20
2021-04-21,AB,exposed-expose,<20
2021-04-21,AB,monitoring-surveillance,<20
2021-04-21,BC,exposed-expose,<20
2021-04-21,BC,monitoring-surveillance,<20
2021-04-21,MB,exposed-expose,46
2021-04-21,MB,monitoring-surveillance,<20
2021-04-21,NB,exposed-expose,<20
2021-04-21,NB,monitoring-surveillance,<20
2021-04-21,NL,exposed-expose,<20
2021-04-21,NL,monitoring-surveillance,<20
2021-04-21,NT,exposed-expose,<20
2021-04-21,NT,monitoring-surveillance,<20
2021-04-21,NS,exposed-expose,<20
2021-04-21,NS,monitoring-surveillance,<20
2021-04-21,NU,exposed-expose,<20
2021-04-21,NU,monitoring-surveillance,<20
2021-04-21,ON,exposed-expose,925
2021-04-21,ON,monitoring-surveillance,212
2021-04-21,PE,exposed-expose,<20
2021-04-21,PE,monitoring-surveillance,<20
2021-04-21,QC,exposed-expose,60
2021-04-21,QC,monitoring-surveillance,<20
2021-04-21,SK,exposed-expose,34
2021-04-21,SK,monitoring-surveillance,<20
2021-04-21,YT,exposed-expose,<20
2021-04-21,YT,monitoring-surveillance,<20
2021-04-21,npts-ptso,exposed-expose,52
2021-04-21,npts-ptso,monitoring-surveillance,<20
2021-04-22,AB,exposed-expose,<20
2021-04-22,AB,monitoring-surveillance,<20
2021-04-22,BC,exposed-expose,<20
2021-04-22,BC,monitoring-surveillance,<20
2021-04-22,MB,exposed-expose,62
2021-04-22,MB,monitoring-surveillance,23
2021-04-22,NB,exposed-expose,<20
2021-04-22,NB,monitoring-surveillance,<20
2021-04-22,NL,exposed-expose,<20
2021-04-22,NL,monitoring-surveillance,<20
2021-04-22,NT,exposed-expose,<20
2021-04-22,NT,monitoring-surveillance,<20
2021-04-22,NS,exposed-expose,<20
2021-04-22,NS,monitoring-surveillance,<20
2021-04-22,NU,exposed-expose,<20
2021-04-22,NU,monitoring-surveillance,<20
2021-04-22,ON,exposed-expose,849
2021-04-22,ON,monitoring-surveillance,190
2021-04-22,PE,exposed-expose,<20
2021-04-22,PE,monitoring-surveillance,<20
2021-04-22,QC,exposed-expose,87
2021-04-22,QC,monitoring-surveillance,21
2021-04-22,SK,exposed-expose,23
2021-04-22,SK,monitoring-surveillance,<20
2021-04-22,YT,exposed-expose,<20
2021-04-22,YT,monitoring-surveillance,<20
2021-04-22,npts-ptso,exposed-expose,56
2021-04-22,npts-ptso,monitoring-surveillance,<20
2021-04-23,AB,exposed-expose,<20
2021-04-23,AB,monitoring-surveillance,<20
2021-04-23,BC,exposed-expose,<20
2021-04-23,BC,monitoring-surveillance,<20
2021-04-23,MB,exposed-expose,83
2021-04-23,MB,monitoring-surveillance,26
2021-04-23,NB,exposed-expose,<20
2021-04-23,NB,monitoring-surveillance,<20
2021-04-23,NL,exposed-expose,<20
2021-04-23,NL,monitoring-surveillance,<20
2021-04-23,NT,exposed-expose,<20
2021-04-23,NT,monitoring-surveillance,<20
2021-04-23,NS,exposed-expose,<20
2021-04-23,NS,monitoring-surveillance,<20
2021-04-23,NU,exposed-expose,<20
2021-04-23,NU,monitoring-surveillance,<20
2021-04-23,ON,exposed-expose,789
2021-04-23,ON,monitoring-surveillance,221
2021-04-23,PE,exposed-expose,<20
2021-04-23,PE,monitoring-surveillance,<20
2021-04-23,QC,exposed-expose,68
2021-04-23,QC,monitoring-surveillance,<20
2021-04-23,SK,exposed-expose,29
2021-04-23,SK,monitoring-surveillance,<20
2021-04-23,YT,exposed-expose,<20
2021-04-23,YT,monitoring-surveillance,<20
2021-04-23,npts-ptso,exposed-expose,44
2021-04-23,npts-ptso,monitoring-surveillance,<20
2021-04-24,AB,exposed-expose,<20
2021-04-24,AB,monitoring-surveillance,<20
2021-04-24,BC,exposed-expose,<20
2021-04-24,BC,monitoring-surveillance,<20
2021-04-24,MB,exposed-expose,53
2021-04-24,MB,monitoring-surveillance,23
2021-04-24,NB,exposed-expose,<20
2021-04-24,NB,monitoring-surveillance,<20
2021-04-24,NL,exposed-expose,<20
2021-04-24,NL,monitoring-surveillance,<20
2021-04-24,NT,exposed-expose,<20
2021-04-24,NT,monitoring-surveillance,<20
2021-04-24,NS,exposed-expose,26
2021-04-24,NS,monitoring-surveillance,<20
2021-04-24,NU,exposed-expose,<20
2021-04-24,NU,monitoring-surveillance,<20
2021-04-24,ON,exposed-expose,750
2021-04-24,ON,monitoring-surveillance,177
2021-04-24,PE,exposed-expose,<20
2021-04-24,PE,monitoring-surveillance,<20
2021-04-24,QC,exposed-expose,38
2021-04-24,QC,monitoring-surveillance,<20
2021-04-24,SK,exposed-expose,<20
2021-04-24,SK,monitoring-surveillance,<20
2021-04-24,YT,exposed-expose,<20
2021-04-24,YT,monitoring-surveillance,<20
2021-04-24,npts-ptso,exposed-expose,29
2021-04-24,npts-ptso,monitoring-surveillance,<20
2021-04-25,AB,exposed-expose,<20
2021-04-25,AB,monitoring-surveillance,<20
2021-04-25,BC,exposed-expose,<20
2021-04-25,BC,monitoring-surveillance,<20
2021-04-25,MB,exposed-expose,61
2021-04-25,MB,monitoring-surveillance,21
2021-04-25,NB,exposed-expose,<20
2021-04-25,NB,monitoring-surveillance,<20
2021-04-25,NL,exposed-expose,<20
2021-04-25,NL,monitoring-surveillance,<20
2021-04-25,NT,exposed-expose,<20
2021-04-25,NT,monitoring-surveillance,<20
2021-04-25,NS,exposed-expose,23
2021-04-25,NS,monitoring-surveillance,<20
2021-04-25,NU,exposed-expose,<20
2021-04-25,NU,monitoring-surveillance,<20
2021-04-25,ON,exposed-expose,731
2021-04-25,ON,monitoring-surveillance,158
2021-04-25,PE,exposed-expose,<20
2021-04-25,PE,monitoring-surveillance,<20
2021-04-25,QC,exposed-expose,44
2021-04-25,QC,monitoring-surveillance,<20
2021-04-25,SK,exposed-expose,<20
2021-04-25,SK,monitoring-surveillance,<20
2021-04-25,YT,exposed-expose,<20
2021-04-25,YT,monitoring-surveillance,<20
2021-04-25,npts-ptso,exposed-expose,54
2021-04-25,npts-ptso,monitoring-surveillance,<20
2021-04-26,AB,exposed-expose,<20
2021-04-26,AB,monitoring-surveillance,<20
2021-04-26,BC,exposed-expose,<20
2021-04-26,BC,monitoring-surveillance,<20
2021-04-26,MB,exposed-expose,47
2021-04-26,MB,monitoring-surveillance,<20
2021-04-26,NB,exposed-expose,<20
2021-04-26,NB,monitoring-surveillance,<20
2021-04-26,NL,exposed-expose,<20
2021-04-26,NL,monitoring-surveillance,<20
2021-04-26,NT,exposed-expose,<20
2021-04-26,NT,monitoring-surveillance,<20
2021-04-26,NS,exposed-expose,68
2021-04-26,NS,monitoring-surveillance,23
2021-04-26,NU,exposed-expose,<20
2021-04-26,NU,monitoring-surveillance,<20
2021-04-26,ON,exposed-expose,814
2021-04-26,ON,monitoring-surveillance,179
2021-04-26,PE,exposed-expose,<20
2021-04-26,PE,monitoring-surveillance,<20
2021-04-26,QC,exposed-expose,<20
2021-04-26,QC,monitoring-surveillance,<20
2021-04-26,SK,exposed-expose,24
2021-04-26,SK,monitoring-surveillance,<20
2021-04-26,YT,exposed-expose,<20
2021-04-26,YT,monitoring-surveillance,<20
2021-04-26,npts-ptso,exposed-expose,47
2021-04-26,npts-ptso,monitoring-surveillance,<20
2021-04-27,AB,exposed-expose,<20
2021-04-27,AB,monitoring-surveillance,<20
2021-04-27,BC,exposed-expose,<20
2021-04-27,BC,monitoring-surveillance,<20
2021-04-27,MB,exposed-expose,55
2021-04-27,MB,monitoring-surveillance,<20
2021-04-27,NB,exposed-expose,<20
2021-04-27,NB,monitoring-surveillance,<20
2021-04-27,NL,exposed-expose,<20
2021-04-27,NL,monitoring-surveillance,<20
2021-04-27,NT,exposed-expose,<20
2021-04-27,NT,monitoring-surveillance,<20
2021-04-27,NS,exposed-expose,22
2021-04-27,NS,monitoring-surveillance,<20
2021-04-27,NU,exposed-expose,<20
2021-04-27,NU,monitoring-surveillance,<20
2021-04-27,ON,exposed-expose,895
2021-04-27,ON,monitoring-surveillance,178
2021-04-27,PE,exposed-expose,<20
2021-04-27,PE,monitoring-surveillance,<20
2021-04-27,QC,exposed-expose,39
2021-04-27,QC,monitoring-surveillance,<20
2021-04-27,SK,exposed-expose,66
2021-04-27,SK,monitoring-surveillance,<20
2021-04-27,YT,exposed-expose,<20
2021-04-27,YT,monitoring-surveillance,<20
2021-04-27,npts-ptso,exposed-expose,65
2021-04-27,npts-ptso,monitoring-surveillance,<20
2021-04-28,AB,exposed-expose,<20
2021-04-28,AB,monitoring-surveillance,<20
2021-04-28,BC,exposed-expose,<20
2021-04-28,BC,monitoring-surveillance,<20
2021-04-28,MB,exposed-expose,39
2021-04-28,MB,monitoring-surveillance,<20
2021-04-28,NB,exposed-expose,<20
2021-04-28,NB,monitoring-surveillance,<20
2021-04-28,NL,exposed-expose,<20
2021-04-28,NL,monitoring-surveillance,<20
2021-04-28,NT,exposed-expose,<20
2021-04-28,NT,monitoring-surveillance,<20
2021-04-28,NS,exposed-expose,61
2021-04-28,NS,monitoring-surveillance,22
2021-04-28,NU,exposed-expose,<20
2021-04-28,NU,monitoring-surveillance,<20
2021-04-28,ON,exposed-expose,919
2021-04-28,ON,monitoring-surveillance,178
2021-04-28,PE,exposed-expose,<20
2021-04-28,PE,monitoring-surveillance,<20
2021-04-28,QC,exposed-expose,53
2021-04-28,QC,monitoring-surveillance,<20
2021-04-28,SK,exposed-expose,65
2021-04-28,SK,monitoring-surveillance,<20
2021-04-28,YT,exposed-expose,<20
2021-04-28,YT,monitoring-surveillance,<20
2021-04-28,npts-ptso,exposed-expose,51
2021-04-28,npts-ptso,monitoring-surveillance,<20
2021-04-29,AB,exposed-expose,<20
2021-04-29,AB,monitoring-surveillance,<20
2021-04-29,BC,exposed-expose,<20
2021-04-29,BC,monitoring-surveillance,<20
2021-04-29,MB,exposed-expose,66
2021-04-29,MB,monitoring-surveillance,24
2021-04-29,NB,exposed-expose,<20
2021-04-29,NB,monitoring-surveillance,<20
2021-04-29,NL,exposed-expose,<20
2021-04-29,NL,monitoring-surveillance,<20
2021-04-29,NT,exposed-expose,<20
2021-04-29,NT,monitoring-surveillance,<20
2021-04-29,NS,exposed-expose,91
2021-04-29,NS,monitoring-surveillance,22
2021-04-29,NU,exposed-expose,<20
2021-04-29,NU,monitoring-surveillance,<20
2021-04-29,ON,exposed-expose,899
2021-04-29,ON,monitoring-surveillance,162
2021-04-29,PE,exposed-expose,<20
2021-04-29,PE,monitoring-surveillance,<20
2021-04-29,QC,exposed-expose,65
2021-04-29,QC,monitoring-surveillance,<20
2021-04-29,SK,exposed-expose,34
2021-04-29,SK,monitoring-surveillance,<20
2021-04-29,YT,exposed-expose,<20
2021-04-29,YT,monitoring-surveillance,<20
2021-04-29,npts-ptso,exposed-expose,43
2021-04-29,npts-ptso,monitoring-surveillance,<20
2021-04-30,AB,exposed-expose,<20
2021-04-30,AB,monitoring-surveillance,<20
2021-04-30,BC,exposed-expose,<20
2021-04-30,BC,monitoring-surveillance,<20
2021-04-30,MB,exposed-expose,53
2021-04-30,MB,monitoring-surveillance,<20
2021-04-30,NB,exposed-expose,<20
2021-04-30,NB,monitoring-surveillance,<20
2021-04-30,NL,exposed-expose,50
2021-04-30,NL,monitoring-surveillance,<20
2021-04-30,NT,exposed-expose,<20
2021-04-30,NT,monitoring-surveillance,<20
2021-04-30,NS,exposed-expose,64
2021-04-30,NS,monitoring-surveillance,<20
2021-04-30,NU,exposed-expose,<20
2021-04-30,NU,monitoring-surveillance,<20
2021-04-30,ON,exposed-expose,771
2021-04-30,ON,monitoring-surveillance,146
2021-04-30,PE,exposed-expose,<20
2021-04-30,PE,monitoring-surveillance,<20
2021-04-30,QC,exposed-expose,71
2021-04-30,QC,monitoring-surveillance,<20
2021-04-30,SK,exposed-expose,43
2021-04-30,SK,monitoring-surveillance,<20
2021-04-30,YT,exposed-expose,<20
2021-04-30,YT,monitoring-surveillance,<20
2021-04-30,npts-ptso,exposed-expose,57
2021-04-30,npts-ptso,monitoring-surveillance,<20
2021-05-01,AB,exposed-expose,<20
2021-05-01,AB,monitoring-surveillance,<20
2021-05-01,BC,exposed-expose,<20
2021-05-01,BC,monitoring-surveillance,<20
2021-05-01,MB,exposed-expose,79
2021-05-01,MB,monitoring-surveillance,<20
2021-05-01,NB,exposed-expose,<20
2021-05-01,NB,monitoring-surveillance,<20
2021-05-01,NL,exposed-expose,<20
2021-05-01,NL,monitoring-surveillance,<20
2021-05-01,NT,exposed-expose,<20
2021-05-01,NT,monitoring-surveillance,<20
2021-05-01,NS,exposed-expose,44
2021-05-01,NS,monitoring-surveillance,<20
2021-05-01,NU,exposed-expose,<20
2021-05-01,NU,monitoring-surveillance,<20
2021-05-01,ON,exposed-expose,976
2021-05-01,ON,monitoring-surveillance,194
2021-05-01,PE,exposed-expose,<20
2021-05-01,PE,monitoring-surveillance,<20
2021-05-01,QC,exposed-expose,43
2021-05-01,QC,monitoring-surveillance,<20
2021-05-01,SK,exposed-expose,36
2021-05-01,SK,monitoring-surveillance,<20
2021-05-01,YT,exposed-expose,<20
2021-05-01,YT,monitoring-surveillance,<20
2021-05-01,npts-ptso,exposed-expose,43
2021-05-01,npts-ptso,monitoring-surveillance,<20
2021-05-02,AB,exposed-expose,<20
2021-05-02,AB,monitoring-surveillance,<20
2021-05-02,BC,exposed-expose,<20
2021-05-02,BC,monitoring-surveillance,<20
2021-05-02,MB,exposed-expose,55
2021-05-02,MB,monitoring-surveillance,<20
2021-05-02,NB,exposed-expose,<20
2021-05-02,NB,monitoring-surveillance,<20
2021-05-02,NL,exposed-expose,<20
2021-05-02,NL,monitoring-surveillance,<20
2021-05-02,NT,exposed-expose,<20
2021-05-02,NT,monitoring-surveillance,<20
2021-05-02,NS,exposed-expose,36
2021-05-02,NS,monitoring-surveillance,<20
2021-05-02,NU,exposed-expose,<20
2021-05-02,NU,monitoring-surveillance,<20
2021-05-02,ON,exposed-expose,851
2021-05-02,ON,monitoring-surveillance,171
2021-05-02,PE,exposed-expose,<20
2021-05-02,PE,monitoring-surveillance,<20
2021-05-02,QC,exposed-expose,55
2021-05-02,QC,monitoring-surveillance,<20
2021-05-02,SK,exposed-expose,33
2021-05-02,SK,monitoring-surveillance,<20
2021-05-02,YT,exposed-expose,<20
2021-05-02,YT,monitoring-surveillance,<20
2021-05-02,npts-ptso,exposed-expose,31
2021-05-02,npts-ptso,monitoring-surveillance,<20
2021-05-03,AB,exposed-expose,<20
2021-05-03,AB,monitoring-surveillance,<20
2021-05-03,BC,exposed-expose,<20
2021-05-03,BC,monitoring-surveillance,<20
2021-05-03,MB,exposed-expose,93
2021-05-03,MB,monitoring-surveillance,<20
2021-05-03,NB,exposed-expose,<20
2021-05-03,NB,monitoring-surveillance,<20
2021-05-03,NL,exposed-expose,<20
2021-05-03,NL,monitoring-surveillance,<20
2021-05-03,NT,exposed-expose,<20
2021-05-03,NT,monitoring-surveillance,<20
2021-05-03,NS,exposed-expose,34
2021-05-03,NS,monitoring-surveillance,<20
2021-05-03,NU,exposed-expose,<20
2021-05-03,NU,monitoring-surveillance,<20
2021-05-03,ON,exposed-expose,843
2021-05-03,ON,monitoring-surveillance,147
2021-05-03,PE,exposed-expose,<20
2021-05-03,PE,monitoring-surveillance,<20
2021-05-03,QC,exposed-expose,39
2021-05-03,QC,monitoring-surveillance,<20
2021-05-03,SK,exposed-expose,41
2021-05-03,SK,monitoring-surveillance,<20
2021-05-03,YT,exposed-expose,<20
2021-05-03,YT,monitoring-surveillance,<20
2021-05-03,npts-ptso,exposed-expose,90
2021-05-03,npts-ptso,monitoring-surveillance,<20
2021-05-04,AB,exposed-expose,<20
2021-05-04,AB,monitoring-surveillance,<20
2021-05-04,BC,exposed-expose,<20
2021-05-04,BC,monitoring-surveillance,<20
2021-05-04,MB,exposed-expose,52
2021-05-04,MB,monitoring-surveillance,<20
2021-05-04,NB,exposed-expose,<20
2021-05-04,NB,monitoring-surveillance,<20
2021-05-04,NL,exposed-expose,<20
2021-05-04,NL,monitoring-surveillance,<20
2021-05-04,NT,exposed-expose,<20
2021-05-04,NT,monitoring-surveillance,<20
2021-05-04,NS,exposed-expose,44
2021-05-04,NS,monitoring-surveillance,<20
2021-05-04,NU,exposed-expose,<20
2021-05-04,NU,monitoring-surveillance,<20
2021-05-04,ON,exposed-expose,748
2021-05-04,ON,monitoring-surveillance,128
2021-05-04,PE,exposed-expose,<20
2021-05-04,PE,monitoring-surveillance,<20
2021-05-04,QC,exposed-expose,32
2021-05-04,QC,monitoring-surveillance,<20
2021-05-04,SK,exposed-expose,35
2021-05-04,SK,monitoring-surveillance,<20
2021-05-04,YT,exposed-expose,<20
2021-05-04,YT,monitoring-surveillance,<20
2021-05-04,npts-ptso,exposed-expose,67
2021-05-04,npts-ptso,monitoring-surveillance,<20
2021-05-05,AB,exposed-expose,<20
2021-05-05,AB,monitoring-surveillance,<20
2021-05-05,BC,exposed-expose,<20
2021-05-05,BC,monitoring-surveillance,<20
2021-05-05,MB,exposed-expose,39
2021-05-05,MB,monitoring-surveillance,<20
2021-05-05,NB,exposed-expose,<20
2021-05-05,NB,monitoring-surveillance,<20
2021-05-05,NL,exposed-expose,<20
2021-05-05,NL,monitoring-surveillance,<20
2021-05-05,NT,exposed-expose,<20
2021-05-05,NT,monitoring-surveillance,<20
2021-05-05,NS,exposed-expose,67
2021-05-05,NS,monitoring-surveillance,<20
2021-05-05,NU,exposed-expose,<20
2021-05-05,NU,monitoring-surveillance,<20
2021-05-05,ON,exposed-expose,695
2021-05-05,ON,monitoring-surveillance,132
2021-05-05,PE,exposed-expose,<20
2021-05-05,PE,monitoring-surveillance,<20
2021-05-05,QC,exposed-expose,59
2021-05-05,QC,monitoring-surveillance,<20
2021-05-05,SK,exposed-expose,<20
2021-05-05,SK,monitoring-surveillance,<20
2021-05-05,YT,exposed-expose,<20
2021-05-05,YT,monitoring-surveillance,<20
2021-05-05,npts-ptso,exposed-expose,40
2021-05-05,npts-ptso,monitoring-surveillance,<20
2021-05-06,AB,exposed-expose,<20
2021-05-06,AB,monitoring-surveillance,<20
2021-05-06,BC,exposed-expose,<20
2021-05-06,BC,monitoring-surveillance,<20
2021-05-06,MB,exposed-expose,59
2021-05-06,MB,monitoring-surveillance,<20
2021-05-06,NB,exposed-expose,<20
2021-05-06,NB,monitoring-surveillance,<20
2021-05-06,NL,exposed-expose,<20
2021-05-06,NL,monitoring-surveillance,<20
2021-05-06,NT,exposed-expose,<20
2021-05-06,NT,monitoring-surveillance,<20
2021-05-06,NS,exposed-expose,35
2021-05-06,NS,monitoring-surveillance,<20
2021-05-06,NU,exposed-expose,<20
2021-05-06,NU,monitoring-surveillance,<20
2021-05-06,ON,exposed-expose,682
2021-05-06,ON,monitoring-surveillance,116
2021-05-06,PE,exposed-expose,<20
2021-05-06,PE,monitoring-surveillance,<20
2021-05-06,QC,exposed-expose,62
2021-05-06,QC,monitoring-surveillance,<20
2021-05-06,SK,exposed-expose,44
2021-05-06,SK,monitoring-surveillance,<20
2021-05-06,YT,exposed-expose,<20
2021-05-06,YT,monitoring-surveillance,<20
2021-05-06,npts-ptso,exposed-expose,28
2021-05-06,npts-ptso,monitoring-surveillance,<20
2021-05-07,AB,exposed-expose,<20
2021-05-07,AB,monitoring-surveillance,<20
2021-05-07,BC,exposed-expose,<20
2021-05-07,BC,monitoring-surveillance,<20
2021-05-07,MB,exposed-expose,96
2021-05-07,MB,monitoring-surveillance,27
2021-05-07,NB,exposed-expose,<20
2021-05-07,NB,monitoring-surveillance,<20
2021-05-07,NL,exposed-expose,<20
2021-05-07,NL,monitoring-surveillance,<20
2021-05-07,NT,exposed-expose,<20
2021-05-07,NT,monitoring-surveillance,<20
2021-05-07,NS,exposed-expose,39
2021-05-07,NS,monitoring-surveillance,<20
2021-05-07,NU,exposed-expose,<20
2021-05-07,NU,monitoring-surveillance,<20
2021-05-07,ON,exposed-expose,731
2021-05-07,ON,monitoring-surveillance,139
2021-05-07,PE,exposed-expose,<20
2021-05-07,PE,monitoring-surveillance,<20
2021-05-07,QC,exposed-expose,70
2021-05-07,QC,monitoring-surveillance,<20
2021-05-07,SK,exposed-expose,46
2021-05-07,SK,monitoring-surveillance,<20
2021-05-07,YT,exposed-expose,<20
2021-05-07,YT,monitoring-surveillance,<20
2021-05-07,npts-ptso,exposed-expose,<20
2021-05-07,npts-ptso,monitoring-surveillance,<20
2021-05-08,AB,exposed-expose,<20
2021-05-08,AB,monitoring-surveillance,<20
2021-05-08,BC,exposed-expose,<20
2021-05-08,BC,monitoring-surveillance,<20
2021-05-08,MB,exposed-expose,104
2021-05-08,MB,monitoring-surveillance,26
2021-05-08,NB,exposed-expose,<20
2021-05-08,NB,monitoring-surveillance,<20
2021-05-08,NL,exposed-expose,<20
2021-05-08,NL,monitoring-surveillance,<20
2021-05-08,NT,exposed-expose,<20
2021-05-08,NT,monitoring-surveillance,<20
2021-05-08,NS,exposed-expose,<20
2021-05-08,NS,monitoring-surveillance,<20
2021-05-08,NU,exposed-expose,<20
2021-05-08,NU,monitoring-surveillance,<20
2021-05-08,ON,exposed-expose,690
2021-05-08,ON,monitoring-surveillance,115
2021-05-08,PE,exposed-expose,<20
2021-05-08,PE,monitoring-surveillance,<20
2021-05-08,QC,exposed-expose,74
2021-05-08,QC,monitoring-surveillance,<20
2021-05-08,SK,exposed-expose,40
2021-05-08,SK,monitoring-surveillance,<20
2021-05-08,YT,exposed-expose,<20
2021-05-08,YT,monitoring-surveillance,<20
2021-05-08,npts-ptso,exposed-expose,<20
2021-05-08,npts-ptso,monitoring-surveillance,<20
2021-05-09,AB,exposed-expose,<20
2021-05-09,AB,monitoring-surveillance,<20
2021-05-09,BC,exposed-expose,<20
2021-05-09,BC,monitoring-surveillance,<20
2021-05-09,MB,exposed-expose,112
2021-05-09,MB,monitoring-surveillance,25
2021-05-09,NB,exposed-expose,<20
2021-05-09,NB,monitoring-surveillance,<20
2021-05-09,NL,exposed-expose,<20
2021-05-09,NL,monitoring-surveillance,<20
2021-05-09,NT,exposed-expose,<20
2021-05-09,NT,monitoring-surveillance,<20
2021-05-09,NS,exposed-expose,20
2021-05-09,NS,monitoring-surveillance,<20
2021-05-09,NU,exposed-expose,<20
2021-05-09,NU,monitoring-surveillance,<20
2021-05-09,ON,exposed-expose,635
2021-05-09,ON,monitoring-surveillance,107
2021-05-09,PE,exposed-expose,<20
2021-05-09,PE,monitoring-surveillance,<20
2021-05-09,QC,exposed-expose,57
2021-05-09,QC,monitoring-surveillance,<20
2021-05-09,SK,exposed-expose,24
2021-05-09,SK,monitoring-surveillance,<20
2021-05-09,YT,exposed-expose,<20
2021-05-09,YT,monitoring-surveillance,<20
2021-05-09,npts-ptso,exposed-expose,<20
2021-05-09,npts-ptso,monitoring-surveillance,<20
2021-05-10,AB,exposed-expose,<20
2021-05-10,AB,monitoring-surveillance,<20
2021-05-10,BC,exposed-expose,<20
2021-05-10,BC,monitoring-surveillance,<20
2021-05-10,MB,exposed-expose,84
2021-05-10,MB,monitoring-surveillance,<20
2021-05-10,NB,exposed-expose,<20
2021-05-10,NB,monitoring-surveillance,<20
2021-05-10,NL,exposed-expose,<20
2021-05-10,NL,monitoring-surveillance,<20
2021-05-10,NT,exposed-expose,<20
2021-05-10,NT,monitoring-surveillance,<20
2021-05-10,NS,exposed-expose,<20
2021-05-10,NS,monitoring-surveillance,<20
2021-05-10,NU,exposed-expose,<20
2021-05-10,NU,monitoring-surveillance,<20
2021-05-10,ON,exposed-expose,666
2021-05-10,ON,monitoring-surveillance,103
2021-05-10,PE,exposed-expose,<20
2021-05-10,PE,monitoring-surveillance,<20
2021-05-10,QC,exposed-expose,50
2021-05-10,QC,monitoring-surveillance,<20
2021-05-10,SK,exposed-expose,33
2021-05-10,SK,monitoring-surveillance,<20
2021-05-10,YT,exposed-expose,<20
2021-05-10,YT,monitoring-surveillance,<20
2021-05-10,npts-ptso,exposed-expose,27
2021-05-10,npts-ptso,monitoring-surveillance,<20
2021-05-11,AB,exposed-expose,<20
2021-05-11,AB,monitoring-surveillance,<20
2021-05-11,BC,exposed-expose,<20
2021-05-11,BC,monitoring-surveillance,<20
2021-05-11,MB,exposed-expose,53
2021-05-11,MB,monitoring-surveillance,21
2021-05-11,NB,exposed-expose,<20
2021-05-11,NB,monitoring-surveillance,<20
2021-05-11,NL,exposed-expose,<20
2021-05-11,NL,monitoring-surveillance,<20
2021-05-11,NT,exposed-expose,<20
2021-05-11,NT,monitoring-surveillance,<20
2021-05-11,NS,exposed-expose,<20
2021-05-11,NS,monitoring-surveillance,<20
2021-05-11,NU,exposed-expose,<20
2021-05-11,NU,monitoring-surveillance,<20
2021-05-11,ON,exposed-expose,709
2021-05-11,ON,monitoring-surveillance,138
2021-05-11,PE,exposed-expose,<20
2021-05-11,PE,monitoring-surveillance,<20
2021-05-11,QC,exposed-expose,52
2021-05-11,QC,monitoring-surveillance,<20
2021-05-11,SK,exposed-expose,85
2021-05-11,SK,monitoring-surveillance,<20
2021-05-11,YT,exposed-expose,<20
2021-05-11,YT,monitoring-surveillance,<20
2021-05-11,npts-ptso,exposed-expose,20
2021-05-11,npts-ptso,monitoring-surveillance,<20
2021-05-12,AB,exposed-expose,<20
2021-05-12,AB,monitoring-surveillance,<20
2021-05-12,BC,exposed-expose,<20
2021-05-12,BC,monitoring-surveillance,<20
2021-05-12,MB,exposed-expose,90
2021-05-12,MB,monitoring-surveillance,<20
2021-05-12,NB,exposed-expose,<20
2021-05-12,NB,monitoring-surveillance,<20
2021-05-12,NL,exposed-expose,<20
2021-05-12,NL,monitoring-surveillance,<20
2021-05-12,NT,exposed-expose,<20
2021-05-12,NT,monitoring-surveillance,<20
2021-05-12,NS,exposed-expose,<20
2021-05-12,NS,monitoring-surveillance,<20
2021-05-12,NU,exposed-expose,<20
2021-05-12,NU,monitoring-surveillance,<20
2021-05-12,ON,exposed-expose,602
2021-05-12,ON,monitoring-surveillance,99
2021-05-12,PE,exposed-expose,<20
2021-05-12,PE,monitoring-surveillance,<20
2021-05-12,QC,exposed-expose,<20
2021-05-12,QC,monitoring-surveillance,<20
2021-05-12,SK,exposed-expose,50
2021-05-12,SK,monitoring-surveillance,<20
2021-05-12,YT,exposed-expose,<20
2021-05-12,YT,monitoring-surveillance,<20
2021-05-12,npts-ptso,exposed-expose,23
2021-05-12,npts-ptso,monitoring-surveillance,<20
2021-05-13,AB,exposed-expose,<20
2021-05-13,AB,monitoring-surveillance,<20
2021-05-13,BC,exposed-expose,<20
2021-05-13,BC,monitoring-surveillance,<20
2021-05-13,MB,exposed-expose,211
2021-05-13,MB,monitoring-surveillance,34
2021-05-13,NB,exposed-expose,<20
2021-05-13,NB,monitoring-surveillance,<20
2021-05-13,NL,exposed-expose,<20
2021-05-13,NL,monitoring-surveillance,<20
2021-05-13,NT,exposed-expose,<20
2021-05-13,NT,monitoring-surveillance,<20
2021-05-13,NS,exposed-expose,42
2021-05-13,NS,monitoring-surveillance,<20
2021-05-13,NU,exposed-expose,<20
2021-05-13,NU,monitoring-surveillance,<20
2021-05-13,ON,exposed-expose,653
2021-05-13,ON,monitoring-surveillance,132
2021-05-13,PE,exposed-expose,<20
2021-05-13,PE,monitoring-surveillance,<20
2021-05-13,QC,exposed-expose,33
2021-05-13,QC,monitoring-surveillance,<20
2021-05-13,SK,exposed-expose,<20
2021-05-13,SK,monitoring-surveillance,<20
2021-05-13,YT,exposed-expose,<20
2021-05-13,YT,monitoring-surveillance,<20
2021-05-13,npts-ptso,exposed-expose,<20
2021-05-13,npts-ptso,monitoring-surveillance,<20
2021-05-14,AB,exposed-expose,<20
2021-05-14,AB,monitoring-surveillance,<20
2021-05-14,BC,exposed-expose,<20
2021-05-14,BC,monitoring-surveillance,<20
2021-05-14,MB,exposed-expose,103
2021-05-14,MB,monitoring-surveillance,23
2021-05-14,NB,exposed-expose,<20
2021-05-14,NB,monitoring-surveillance,<20
2021-05-14,NL,exposed-expose,<20
2021-05-14,NL,monitoring-surveillance,<20
2021-05-14,NT,exposed-expose,<20
2021-05-14,NT,monitoring-surveillance,<20
2021-05-14,NS,exposed-expose,<20
2021-05-14,NS,monitoring-surveillance,<20
2021-05-14,NU,exposed-expose,<20
2021-05-14,NU,monitoring-surveillance,<20
2021-05-14,ON,exposed-expose,631
2021-05-14,ON,monitoring-surveillance,107
2021-05-14,PE,exposed-expose,<20
2021-05-14,PE,monitoring-surveillance,<20
2021-05-14,QC,exposed-expose,29
2021-05-14,QC,monitoring-surveillance,<20
2021-05-14,SK,exposed-expose,59
2021-05-14,SK,monitoring-surveillance,<20
2021-05-14,YT,exposed-expose,<20
2021-05-14,YT,monitoring-surveillance,<20
2021-05-14,npts-ptso,exposed-expose,35
2021-05-14,npts-ptso,monitoring-surveillance,<20
2021-05-15,AB,exposed-expose,<20
2021-05-15,AB,monitoring-surveillance,<20
2021-05-15,BC,exposed-expose,<20
2021-05-15,BC,monitoring-surveillance,<20
2021-05-15,MB,exposed-expose,164
2021-05-15,MB,monitoring-surveillance,27
2021-05-15,NB,exposed-expose,<20
2021-05-15,NB,monitoring-surveillance,<20
2021-05-15,NL,exposed-expose,<20
2021-05-15,NL,monitoring-surveillance,<20
2021-05-15,NT,exposed-expose,<20
2021-05-15,NT,monitoring-surveillance,<20
2021-05-15,NS,exposed-expose,21
2021-05-15,NS,monitoring-surveillance,<20
2021-05-15,NU,exposed-expose,<20
2021-05-15,NU,monitoring-surveillance,<20
2021-05-15,ON,exposed-expose,544
2021-05-15,ON,monitoring-surveillance,106
2021-05-15,PE,exposed-expose,<20
2021-05-15,PE,monitoring-surveillance,<20
2021-05-15,QC,exposed-expose,29
2021-05-15,QC,monitoring-surveillance,<20
2021-05-15,SK,exposed-expose,44
2021-05-15,SK,monitoring-surveillance,<20
2021-05-15,YT,exposed-expose,<20
2021-05-15,YT,monitoring-surveillance,<20
2021-05-15,npts-ptso,exposed-expose,35
2021-05-15,npts-ptso,monitoring-surveillance,<20
2021-05-16,AB,exposed-expose,<20
2021-05-16,AB,monitoring-surveillance,<20
2021-05-16,BC,exposed-expose,<20
2021-05-16,BC,monitoring-surveillance,<20
2021-05-16,MB,exposed-expose,118
2021-05-16,MB,monitoring-surveillance,22
2021-05-16,NB,exposed-expose,<20
2021-05-16,NB,monitoring-surveillance,<20
2021-05-16,NL,exposed-expose,<20
2021-05-16,NL,monitoring-surveillance,<20
2021-05-16,NT,exposed-expose,<20
2021-05-16,NT,monitoring-surveillance,<20
2021-05-16,NS,exposed-expose,<20
2021-05-16,NS,monitoring-surveillance,<20
2021-05-16,NU,exposed-expose,<20
2021-05-16,NU,monitoring-surveillance,<20
2021-05-16,ON,exposed-expose,445
2021-05-16,ON,monitoring-surveillance,70
2021-05-16,PE,exposed-expose,<20
2021-05-16,PE,monitoring-surveillance,<20
2021-05-16,QC,exposed-expose,<20
2021-05-16,QC,monitoring-surveillance,<20
2021-05-16,SK,exposed-expose,<20
2021-05-16,SK,monitoring-surveillance,<20
2021-05-16,YT,exposed-expose,<20
2021-05-16,YT,monitoring-surveillance,<20
2021-05-16,npts-ptso,exposed-expose,22
2021-05-16,npts-ptso,monitoring-surveillance,<20
2021-05-17,AB,exposed-expose,<20
2021-05-17,AB,monitoring-surveillance,<20
2021-05-17,BC,exposed-expose,<20
2021-05-17,BC,monitoring-surveillance,<20
2021-05-17,MB,exposed-expose,147
2021-05-17,MB,monitoring-surveillance,32
2021-05-17,NB,exposed-expose,<20
2021-05-17,NB,monitoring-surveillance,<20
2021-05-17,NL,exposed-expose,<20
2021-05-17,NL,monitoring-surveillance,<20
2021-05-17,NT,exposed-expose,<20
2021-05-17,NT,monitoring-surveillance,<20
2021-05-17,NS,exposed-expose,<20
2021-05-17,NS,monitoring-surveillance,<20
2021-05-17,NU,exposed-expose,<20
2021-05-17,NU,monitoring-surveillance,<20
2021-05-17,ON,exposed-expose,445
2021-05-17,ON,monitoring-surveillance,77
2021-05-17,PE,exposed-expose,<20
2021-05-17,PE,monitoring-surveillance,<20
2021-05-17,QC,exposed-expose,22
2021-05-17,QC,monitoring-surveillance,<20
2021-05-17,SK,exposed-expose,26
2021-05-17,SK,monitoring-surveillance,<20
2021-05-17,YT,exposed-expose,<20
2021-05-17,YT,monitoring-surveillance,<20
2021-05-17,npts-ptso,exposed-expose,<20
2021-05-17,npts-ptso,monitoring-surveillance,<20
2021-05-18,AB,exposed-expose,<20
2021-05-18,AB,monitoring-surveillance,<20
2021-05-18,BC,exposed-expose,<20
2021-05-18,BC,monitoring-surveillance,<20
2021-05-18,MB,exposed-expose,93
2021-05-18,MB,monitoring-surveillance,<20
2021-05-18,NB,exposed-expose,<20
2021-05-18,NB,monitoring-surveillance,<20
2021-05-18,NL,exposed-expose,<20
2021-05-18,NL,monitoring-surveillance,<20
2021-05-18,NT,exposed-expose,<20
2021-05-18,NT,monitoring-surveillance,<20
2021-05-18,NS,exposed-expose,<20
2021-05-18,NS,monitoring-surveillance,<20
2021-05-18,NU,exposed-expose,<20
2021-05-18,NU,monitoring-surveillance,<20
2021-05-18,ON,exposed-expose,517
2021-05-18,ON,monitoring-surveillance,93
2021-05-18,PE,exposed-expose,<20
2021-05-18,PE,monitoring-surveillance,<20
2021-05-18,QC,exposed-expose,30
2021-05-18,QC,monitoring-surveillance,<20
2021-05-18,SK,exposed-expose,34
2021-05-18,SK,monitoring-surveillance,<20
2021-05-18,YT,exposed-expose,<20
2021-05-18,YT,monitoring-surveillance,<20
2021-05-18,npts-ptso,exposed-expose,<20
2021-05-18,npts-ptso,monitoring-surveillance,<20
2021-05-19,AB,exposed-expose,<20
2021-05-19,AB,monitoring-surveillance,<20
2021-05-19,BC,exposed-expose,<20
2021-05-19,BC,monitoring-surveillance,<20
2021-05-19,MB,exposed-expose,114
2021-05-19,MB,monitoring-surveillance,<20
2021-05-19,NB,exposed-expose,<20
2021-05-19,NB,monitoring-surveillance,<20
2021-05-19,NL,exposed-expose,20
2021-05-19,NL,monitoring-surveillance,<20
2021-05-19,NT,exposed-expose,<20
2021-05-19,NT,monitoring-surveillance,<20
2021-05-19,NS,exposed-expose,<20
2021-05-19,NS,monitoring-surveillance,<20
2021-05-19,NU,exposed-expose,<20
2021-05-19,NU,monitoring-surveillance,<20
2021-05-19,ON,exposed-expose,444
2021-05-19,ON,monitoring-surveillance,77
2021-05-19,PE,exposed-expose,<20
2021-05-19,PE,monitoring-surveillance,<20
2021-05-19,QC,exposed-expose,<20
2021-05-19,QC,monitoring-surveillance,<20
2021-05-19,SK,exposed-expose,32
2021-05-19,SK,monitoring-surveillance,<20
2021-05-19,YT,exposed-expose,<20
2021-05-19,YT,monitoring-surveillance,<20
2021-05-19,npts-ptso,exposed-expose,<20
2021-05-19,npts-ptso,monitoring-surveillance,<20
2021-05-20,AB,exposed-expose,<20
2021-05-20,AB,monitoring-surveillance,<20
2021-05-20,BC,exposed-expose,<20
2021-05-20,BC,monitoring-surveillance,<20
2021-05-20,MB,exposed-expose,118
2021-05-20,MB,monitoring-surveillance,23
2021-05-20,NB,exposed-expose,<20
2021-05-20,NB,monitoring-surveillance,<20
2021-05-20,NL,exposed-expose,<20
2021-05-20,NL,monitoring-surveillance,<20
2021-05-20,NT,exposed-expose,<20
2021-05-20,NT,monitoring-surveillance,<20
2021-05-20,NS,exposed-expose,<20
2021-05-20,NS,monitoring-surveillance,<20
2021-05-20,NU,exposed-expose,<20
2021-05-20,NU,monitoring-surveillance,<20
2021-05-20,ON,exposed-expose,424
2021-05-20,ON,monitoring-surveillance,75
2021-05-20,PE,exposed-expose,<20
2021-05-20,PE,monitoring-surveillance,<20
2021-05-20,QC,exposed-expose,25
2021-05-20,QC,monitoring-surveillance,<20
2021-05-20,SK,exposed-expose,<20
2021-05-20,SK,monitoring-surveillance,<20
2021-05-20,YT,exposed-expose,<20
2021-05-20,YT,monitoring-surveillance,<20
2021-05-20,npts-ptso,exposed-expose,<20
2021-05-20,npts-ptso,monitoring-surveillance,<20
2021-05-21,AB,exposed-expose,<20
2021-05-21,AB,monitoring-surveillance,<20
2021-05-21,BC,exposed-expose,<20
2021-05-21,BC,monitoring-surveillance,<20
2021-05-21,MB,exposed-expose,116
2021-05-21,MB,monitoring-surveillance,<20
2021-05-21,NB,exposed-expose,<20
2021-05-21,NB,monitoring-surveillance,<20
2021-05-21,NL,exposed-expose,26
2021-05-21,NL,monitoring-surveillance,<20
2021-05-21,NT,exposed-expose,<20
2021-05-21,NT,monitoring-surveillance,<20
2021-05-21,NS,exposed-expose,<20
2021-05-21,NS,monitoring-surveillance,<20
2021-05-21,NU,exposed-expose,<20
2021-05-21,NU,monitoring-surveillance,<20
2021-05-21,ON,exposed-expose,337
2021-05-21,ON,monitoring-surveillance,59
2021-05-21,PE,exposed-expose,<20
2021-05-21,PE,monitoring-surveillance,<20
2021-05-21,QC,exposed-expose,<20
2021-05-21,QC,monitoring-surveillance,<20
2021-05-21,SK,exposed-expose,<20
2021-05-21,SK,monitoring-surveillance,<20
2021-05-21,YT,exposed-expose,<20
2021-05-21,YT,monitoring-surveillance,<20
2021-05-21,npts-ptso,exposed-expose,<20
2021-05-21,npts-ptso,monitoring-surveillance,<20
2021-05-22,AB,exposed-expose,<20
2021-05-22,AB,monitoring-surveillance,<20
2021-05-22,BC,exposed-expose,<20
2021-05-22,BC,monitoring-surveillance,<20
2021-05-22,MB,exposed-expose,129
2021-05-22,MB,monitoring-surveillance,37
2021-05-22,NB,exposed-expose,<20
2021-05-22,NB,monitoring-surveillance,<20
2021-05-22,NL,exposed-expose,<20
2021-05-22,NL,monitoring-surveillance,<20
2021-05-22,NT,exposed-expose,<20
2021-05-22,NT,monitoring-surveillance,<20
2021-05-22,NS,exposed-expose,<20
2021-05-22,NS,monitoring-surveillance,<20
2021-05-22,NU,exposed-expose,<20
2021-05-22,NU,monitoring-surveillance,<20
2021-05-22,ON,exposed-expose,371
2021-05-22,ON,monitoring-surveillance,69
2021-05-22,PE,exposed-expose,<20
2021-05-22,PE,monitoring-surveillance,<20
2021-05-22,QC,exposed-expose,28
2021-05-22,QC,monitoring-surveillance,<20
2021-05-22,SK,exposed-expose,<20
2021-05-22,SK,monitoring-surveillance,<20
2021-05-22,YT,exposed-expose,<20
2021-05-22,YT,monitoring-surveillance,<20
2021-05-22,npts-ptso,exposed-expose,22
2021-05-22,npts-ptso,monitoring-surveillance,<20
2021-05-23,AB,exposed-expose,<20
2021-05-23,AB,monitoring-surveillance,<20
2021-05-23,BC,exposed-expose,<20
2021-05-23,BC,monitoring-surveillance,<20
2021-05-23,MB,exposed-expose,187
2021-05-23,MB,monitoring-surveillance,39
2021-05-23,NB,exposed-expose,46
2021-05-23,NB,monitoring-surveillance,<20
2021-05-23,NL,exposed-expose,<20
2021-05-23,NL,monitoring-surveillance,<20
2021-05-23,NT,exposed-expose,<20
2021-05-23,NT,monitoring-surveillance,<20
2021-05-23,NS,exposed-expose,<20
2021-05-23,NS,monitoring-surveillance,<20
2021-05-23,NU,exposed-expose,<20
2021-05-23,NU,monitoring-surveillance,<20
2021-05-23,ON,exposed-expose,289
2021-05-23,ON,monitoring-surveillance,58
2021-05-23,PE,exposed-expose,<20
2021-05-23,PE,monitoring-surveillance,<20
2021-05-23,QC,exposed-expose,<20
2021-05-23,QC,monitoring-surveillance,<20
2021-05-23,SK,exposed-expose,24
2021-05-23,SK,monitoring-surveillance,<20
2021-05-23,YT,exposed-expose,<20
2021-05-23,YT,monitoring-surveillance,<20
2021-05-23,npts-ptso,exposed-expose,31
2021-05-23,npts-ptso,monitoring-surveillance,<20
2021-05-24,AB,exposed-expose,<20
2021-05-24,AB,monitoring-surveillance,<20
2021-05-24,BC,exposed-expose,<20
2021-05-24,BC,monitoring-surveillance,<20
2021-05-24,MB,exposed-expose,106
2021-05-24,MB,monitoring-surveillance,<20
2021-05-24,NB,exposed-expose,<20
2021-05-24,NB,monitoring-surveillance,<20
2021-05-24,NL,exposed-expose,<20
2021-05-24,NL,monitoring-surveillance,<20
2021-05-24,NT,exposed-expose,<20
2021-05-24,NT,monitoring-surveillance,<20
2021-05-24,NS,exposed-expose,<20
2021-05-24,NS,monitoring-surveillance,<20
2021-05-24,NU,exposed-expose,<20
2021-05-24,NU,monitoring-surveillance,<20
2021-05-24,ON,exposed-expose,255
2021-05-24,ON,monitoring-surveillance,37
2021-05-24,PE,exposed-expose,<20
2021-05-24,PE,monitoring-surveillance,<20
2021-05-24,QC,exposed-expose,<20
2021-05-24,QC,monitoring-surveillance,<20
2021-05-24,SK,exposed-expose,29
2021-05-24,SK,monitoring-surveillance,<20
2021-05-24,YT,exposed-expose,<20
2021-05-24,YT,monitoring-surveillance,<20
2021-05-24,npts-ptso,exposed-expose,<20
2021-05-24,npts-ptso,monitoring-surveillance,<20
2021-05-25,AB,exposed-expose,<20
2021-05-25,AB,monitoring-surveillance,<20
2021-05-25,BC,exposed-expose,<20
2021-05-25,BC,monitoring-surveillance,<20
2021-05-25,MB,exposed-expose,65
2021-05-25,MB,monitoring-surveillance,<20
2021-05-25,NB,exposed-expose,<20
2021-05-25,NB,monitoring-surveillance,<20
2021-05-25,NL,exposed-expose,<20
2021-05-25,NL,monitoring-surveillance,<20
2021-05-25,NT,exposed-expose,<20
2021-05-25,NT,monitoring-surveillance,<20
2021-05-25,NS,exposed-expose,<20
2021-05-25,NS,monitoring-surveillance,<20
2021-05-25,NU,exposed-expose,<20
2021-05-25,NU,monitoring-surveillance,<20
2021-05-25,ON,exposed-expose,325
2021-05-25,ON,monitoring-surveillance,48
2021-05-25,PE,exposed-expose,<20
2021-05-25,PE,monitoring-surveillance,<20
2021-05-25,QC,exposed-expose,<20
2021-05-25,QC,monitoring-surveillance,<20
2021-05-25,SK,exposed-expose,<20
2021-05-25,SK,monitoring-surveillance,<20
2021-05-25,YT,exposed-expose,<20
2021-05-25,YT,monitoring-surveillance,<20
2021-05-25,npts-ptso,exposed-expose,<20
2021-05-25,npts-ptso,monitoring-surveillance,<20
2021-05-26,AB,exposed-expose,<20
2021-05-26,AB,monitoring-surveillance,<20
2021-05-26,BC,exposed-expose,<20
2021-05-26,BC,monitoring-surveillance,<20
2021-05-26,MB,exposed-expose,57
2021-05-26,MB,monitoring-surveillance,<20
2021-05-26,NB,exposed-expose,<20
2021-05-26,NB,monitoring-surveillance,<20
2021-05-26,NL,exposed-expose,<20
2021-05-26,NL,monitoring-surveillance,<20
2021-05-26,NT,exposed-expose,<20
2021-05-26,NT,monitoring-surveillance,<20
2021-05-26,NS,exposed-expose,<20
2021-05-26,NS,monitoring-surveillance,<20
2021-05-26,NU,exposed-expose,<20
2021-05-26,NU,monitoring-surveillance,<20
2021-05-26,ON,exposed-expose,264
2021-05-26,ON,monitoring-surveillance,48
2021-05-26,PE,exposed-expose,<20
2021-05-26,PE,monitoring-surveillance,<20
2021-05-26,QC,exposed-expose,<20
2021-05-26,QC,monitoring-surveillance,<20
2021-05-26,SK,exposed-expose,<20
2021-05-26,SK,monitoring-surveillance,<20
2021-05-26,YT,exposed-expose,<20
2021-05-26,YT,monitoring-surveillance,<20
2021-05-26,npts-ptso,exposed-expose,<20
2021-05-26,npts-ptso,monitoring-surveillance,<20
2021-05-27,AB,exposed-expose,<20
2021-05-27,AB,monitoring-surveillance,<20
2021-05-27,BC,exposed-expose,<20
2021-05-27,BC,monitoring-surveillance,<20
2021-05-27,MB,exposed-expose,59
2021-05-27,MB,monitoring-surveillance,<20
2021-05-27,NB,exposed-expose,<20
2021-05-27,NB,monitoring-surveillance,<20
2021-05-27,NL,exposed-expose,<20
2021-05-27,NL,monitoring-surveillance,<20
2021-05-27,NT,exposed-expose,<20
2021-05-27,NT,monitoring-surveillance,<20
2021-05-27,NS,exposed-expose,<20
2021-05-27,NS,monitoring-surveillance,<20
2021-05-27,NU,exposed-expose,<20
2021-05-27,NU,monitoring-surveillance,<20
2021-05-27,ON,exposed-expose,210
2021-05-27,ON,monitoring-surveillance,40
2021-05-27,PE,exposed-expose,<20
2021-05-27,PE,monitoring-surveillance,<20
2021-05-27,QC,exposed-expose,<20
2021-05-27,QC,monitoring-surveillance,<20
2021-05-27,SK,exposed-expose,<20
2021-05-27,SK,monitoring-surveillance,<20
2021-05-27,YT,exposed-expose,<20
2021-05-27,YT,monitoring-surveillance,<20
2021-05-27,npts-ptso,exposed-expose,<20
2021-05-27,npts-ptso,monitoring-surveillance,<20
2021-05-28,AB,exposed-expose,<20
2021-05-28,AB,monitoring-surveillance,<20
2021-05-28,BC,exposed-expose,<20
2021-05-28,BC,monitoring-surveillance,<20
2021-05-28,MB,exposed-expose,101
2021-05-28,MB,monitoring-surveillance,<20
2021-05-28,NB,exposed-expose,<20
2021-05-28,NB,monitoring-surveillance,<20
2021-05-28,NL,exposed-expose,<20
2021-05-28,NL,monitoring-surveillance,<20
2021-05-28,NT,exposed-expose,<20
2021-05-28,NT,monitoring-surveillance,<20
2021-05-28,NS,exposed-expose,<20
2021-05-28,NS,monitoring-surveillance,<20
2021-05-28,NU,exposed-expose,<20
2021-05-28,NU,monitoring-surveillance,<20
2021-05-28,ON,exposed-expose,255
2021-05-28,ON,monitoring-surveillance,39
2021-05-28,PE,exposed-expose,<20
2021-05-28,PE,monitoring-surveillance,<20
2021-05-28,QC,exposed-expose,<20
2021-05-28,QC,monitoring-surveillance,<20
2021-05-28,SK,exposed-expose,<20
2021-05-28,SK,monitoring-surveillance,<20
2021-05-28,YT,exposed-expose,<20
2021-05-28,YT,monitoring-surveillance,<20
2021-05-28,npts-ptso,exposed-expose,<20
2021-05-28,npts-ptso,monitoring-surveillance,<20
2021-05-29,AB,exposed-expose,<20
2021-05-29,AB,monitoring-surveillance,<20
2021-05-29,BC,exposed-expose,<20
2021-05-29,BC,monitoring-surveillance,<20
2021-05-29,MB,exposed-expose,42
2021-05-29,MB,monitoring-surveillance,<20
2021-05-29,NB,exposed-expose,<20
2021-05-29,NB,monitoring-surveillance,<20
2021-05-29,NL,exposed-expose,<20
2021-05-29,NL,monitoring-surveillance,<20
2021-05-29,NT,exposed-expose,<20
2021-05-29,NT,monitoring-surveillance,<20
2021-05-29,NS,exposed-expose,<20
2021-05-29,NS,monitoring-surveillance,<20
2021-05-29,NU,exposed-expose,<20
2021-05-29,NU,monitoring-surveillance,<20
2021-05-29,ON,exposed-expose,168
2021-05-29,ON,monitoring-surveillance,26
2021-05-29,PE,exposed-expose,<20
2021-05-29,PE,monitoring-surveillance,<20
2021-05-29,QC,exposed-expose,<20
2021-05-29,QC,monitoring-surveillance,<20
2021-05-29,SK,exposed-expose,30
2021-05-29,SK,monitoring-surveillance,<20
2021-05-29,YT,exposed-expose,<20
2021-05-29,YT,monitoring-surveillance,<20
2021-05-29,npts-ptso,exposed-expose,<20
2021-05-29,npts-ptso,monitoring-surveillance,<20
2021-05-30,AB,exposed-expose,<20
2021-05-30,AB,monitoring-surveillance,<20
2021-05-30,BC,exposed-expose,<20
2021-05-30,BC,monitoring-surveillance,<20
2021-05-30,MB,exposed-expose,37
2021-05-30,MB,monitoring-surveillance,<20
2021-05-30,NB,exposed-expose,<20
2021-05-30,NB,monitoring-surveillance,<20
2021-05-30,NL,exposed-expose,<20
2021-05-30,NL,monitoring-surveillance,<20
2021-05-30,NT,exposed-expose,<20
2021-05-30,NT,monitoring-surveillance,<20
2021-05-30,NS,exposed-expose,<20
2021-05-30,NS,monitoring-surveillance,<20
2021-05-30,NU,exposed-expose,<20
2021-05-30,NU,monitoring-surveillance,<20
2021-05-30,ON,exposed-expose,168
2021-05-30,ON,monitoring-surveillance,31
2021-05-30,PE,exposed-expose,<20
2021-05-30,PE,monitoring-surveillance,<20
2021-05-30,QC,exposed-expose,<20
2021-05-30,QC,monitoring-surveillance,<20
2021-05-30,SK,exposed-expose,26
2021-05-30,SK,monitoring-surveillance,<20
2021-05-30,YT,exposed-expose,<20
2021-05-30,YT,monitoring-surveillance,<20
2021-05-30,npts-ptso,exposed-expose,<20
2021-05-30,npts-ptso,monitoring-surveillance,<20
2021-05-31,AB,exposed-expose,<20
2021-05-31,AB,monitoring-surveillance,<20
2021-05-31,BC,exposed-expose,<20
2021-05-31,BC,monitoring-surveillance,<20
2021-05-31,MB,exposed-expose,43
2021-05-31,MB,monitoring-surveillance,<20
2021-05-31,NB,exposed-expose,<20
2021-05-31,NB,monitoring-surveillance,<20
2021-05-31,NL,exposed-expose,<20
2021-05-31,NL,monitoring-surveillance,<20
2021-05-31,NT,exposed-expose,<20
2021-05-31,NT,monitoring-surveillance,<20
2021-05-31,NS,exposed-expose,<20
2021-05-31,NS,monitoring-surveillance,<20
2021-05-31,NU,exposed-expose,<20
2021-05-31,NU,monitoring-surveillance,<20
2021-05-31,ON,exposed-expose,156
2021-05-31,ON,monitoring-surveillance,25
2021-05-31,PE,exposed-expose,<20
2021-05-31,PE,monitoring-surveillance,<20
2021-05-31,QC,exposed-expose,<20
2021-05-31,QC,monitoring-surveillance,<20
2021-05-31,SK,exposed-expose,38
2021-05-31,SK,monitoring-surveillance,<20
2021-05-31,YT,exposed-expose,<20
2021-05-31,YT,monitoring-surveillance,<20
2021-05-31,npts-ptso,exposed-expose,<20
2021-05-31,npts-ptso,monitoring-surveillance,<20
2021-06-01,AB,exposed-expose,<20
2021-06-01,AB,monitoring-surveillance,<20
2021-06-01,BC,exposed-expose,<20
2021-06-01,BC,monitoring-surveillance,<20
2021-06-01,MB,exposed-expose,70
2021-06-01,MB,monitoring-surveillance,<20
2021-06-01,NB,exposed-expose,<20
2021-06-01,NB,monitoring-surveillance,<20
2021-06-01,NL,exposed-expose,<20
2021-06-01,NL,monitoring-surveillance,<20
2021-06-01,NT,exposed-expose,<20
2021-06-01,NT,monitoring-surveillance,<20
2021-06-01,NS,exposed-expose,<20
2021-06-01,NS,monitoring-surveillance,<20
2021-06-01,NU,exposed-expose,<20
2021-06-01,NU,monitoring-surveillance,<20
2021-06-01,ON,exposed-expose,142
2021-06-01,ON,monitoring-surveillance,32
2021-06-01,PE,exposed-expose,<20
2021-06-01,PE,monitoring-surveillance,<20
2021-06-01,QC,exposed-expose,<20
2021-06-01,QC,monitoring-surveillance,<20
2021-06-01,SK,exposed-expose,61
2021-06-01,SK,monitoring-surveillance,<20
2021-06-01,YT,exposed-expose,<20
2021-06-01,YT,monitoring-surveillance,<20
2021-06-01,npts-ptso,exposed-expose,<20
2021-06-01,npts-ptso,monitoring-surveillance,<20
2021-06-02,AB,exposed-expose,<20
2021-06-02,AB,monitoring-surveillance,<20
2021-06-02,BC,exposed-expose,<20
2021-06-02,BC,monitoring-surveillance,<20
2021-06-02,MB,exposed-expose,61
2021-06-02,MB,monitoring-surveillance,<20
2021-06-02,NB,exposed-expose,<20
2021-06-02,NB,monitoring-surveillance,<20
2021-06-02,NL,exposed-expose,<20
2021-06-02,NL,monitoring-surveillance,<20
2021-06-02,NT,exposed-expose,<20
2021-06-02,NT,monitoring-surveillance,<20
2021-06-02,NS,exposed-expose,31
2021-06-02,NS,monitoring-surveillance,<20
2021-06-02,NU,exposed-expose,<20
2021-06-02,NU,monitoring-surveillance,<20
2021-06-02,ON,exposed-expose,131
2021-06-02,ON,monitoring-surveillance,24
2021-06-02,PE,exposed-expose,<20
2021-06-02,PE,monitoring-surveillance,<20
2021-06-02,QC,exposed-expose,<20
2021-06-02,QC,monitoring-surveillance,<20
2021-06-02,SK,exposed-expose,45
2021-06-02,SK,monitoring-surveillance,<20
2021-06-02,YT,exposed-expose,<20
2021-06-02,YT,monitoring-surveillance,<20
2021-06-02,npts-ptso,exposed-expose,<20
2021-06-02,npts-ptso,monitoring-surveillance,<20
2021-06-03,AB,exposed-expose,<20
2021-06-03,AB,monitoring-surveillance,<20
2021-06-03,BC,exposed-expose,<20
2021-06-03,BC,monitoring-surveillance,<20
2021-06-03,MB,exposed-expose,65
2021-06-03,MB,monitoring-surveillance,<20
2021-06-03,NB,exposed-expose,<20
2021-06-03,NB,monitoring-surveillance,<20
2021-06-03,NL,exposed-expose,<20
2021-06-03,NL,monitoring-surveillance,<20
2021-06-03,NT,exposed-expose,<20
2021-06-03,NT,monitoring-surveillance,<20
2021-06-03,NS,exposed-expose,<20
2021-06-03,NS,monitoring-surveillance,<20
2021-06-03,NU,exposed-expose,<20
2021-06-03,NU,monitoring-surveillance,<20
2021-06-03,ON,exposed-expose,135
2021-06-03,ON,monitoring-surveillance,24
2021-06-03,PE,exposed-expose,<20
2021-06-03,PE,monitoring-surveillance,<20
2021-06-03,QC,exposed-expose,<20
2021-06-03,QC,monitoring-surveillance,<20
2021-06-03,SK,exposed-expose,<20
2021-06-03,SK,monitoring-surveillance,<20
2021-06-03,YT,exposed-expose,<20
2021-06-03,YT,monitoring-surveillance,<20
2021-06-03,npts-ptso,exposed-expose,<20
2021-06-03,npts-ptso,monitoring-surveillance,<20
2021-06-04,AB,exposed-expose,<20
2021-06-04,AB,monitoring-surveillance,<20
2021-06-04,BC,exposed-expose,<20
2021-06-04,BC,monitoring-surveillance,<20
2021-06-04,MB,exposed-expose,26
2021-06-04,MB,monitoring-surveillance,<20
2021-06-04,NB,exposed-expose,<20
2021-06-04,NB,monitoring-surveillance,<20
2021-06-04,NL,exposed-expose,<20
2021-06-04,NL,monitoring-surveillance,<20
2021-06-04,NT,exposed-expose,<20
2021-06-04,NT,monitoring-surveillance,<20
2021-06-04,NS,exposed-expose,<20
2021-06-04,NS,monitoring-surveillance,<20
2021-06-04,NU,exposed-expose,<20
2021-06-04,NU,monitoring-surveillance,<20
2021-06-04,ON,exposed-expose,143
2021-06-04,ON,monitoring-surveillance,30
2021-06-04,PE,exposed-expose,<20
2021-06-04,PE,monitoring-surveillance,<20
2021-06-04,QC,exposed-expose,<20
2021-06-04,QC,monitoring-surveillance,<20
2021-06-04,SK,exposed-expose,<20
2021-06-04,SK,monitoring-surveillance,<20
2021-06-04,YT,exposed-expose,<20
2021-06-04,YT,monitoring-surveillance,<20
2021-06-04,npts-ptso,exposed-expose,<20
2021-06-04,npts-ptso,monitoring-surveillance,<20
2021-06-05,AB,exposed-expose,<20
2021-06-05,AB,monitoring-surveillance,<20
2021-06-05,BC,exposed-expose,<20
2021-06-05,BC,monitoring-surveillance,<20
2021-06-05,MB,exposed-expose,20
2021-06-05,MB,monitoring-surveillance,<20
2021-06-05,NB,exposed-expose,<20
2021-06-05,NB,monitoring-surveillance,<20
2021-06-05,NL,exposed-expose,<20
2021-06-05,NL,monitoring-surveillance,<20
2021-06-05,NT,exposed-expose,<20
2021-06-05,NT,monitoring-surveillance,<20
2021-06-05,NS,exposed-expose,<20
2021-06-05,NS,monitoring-surveillance,<20
2021-06-05,NU,exposed-expose,<20
2021-06-05,NU,monitoring-surveillance,<20
2021-06-05,ON,exposed-expose,99
2021-06-05,ON,monitoring-surveillance,<20
2021-06-05,PE,exposed-expose,<20
2021-06-05,PE,monitoring-surveillance,<20
2021-06-05,QC,exposed-expose,<20
2021-06-05,QC,monitoring-surveillance,<20
2021-06-05,SK,exposed-expose,<20
2021-06-05,SK,monitoring-surveillance,<20
2021-06-05,YT,exposed-expose,<20
2021-06-05,YT,monitoring-surveillance,<20
2021-06-05,npts-ptso,exposed-expose,<20
2021-06-05,npts-ptso,monitoring-surveillance,<20
2021-06-06,AB,exposed-expose,<20
2021-06-06,AB,monitoring-surveillance,<20
2021-06-06,BC,exposed-expose,<20
2021-06-06,BC,monitoring-surveillance,<20
2021-06-06,MB,exposed-expose,<20
2021-06-06,MB,monitoring-surveillance,<20
2021-06-06,NB,exposed-expose,<20
2021-06-06,NB,monitoring-surveillance,<20
2021-06-06,NL,exposed-expose,<20
2021-06-06,NL,monitoring-surveillance,<20
2021-06-06,NT,exposed-expose,<20
2021-06-06,NT,monitoring-surveillance,<20
2021-06-06,NS,exposed-expose,<20
2021-06-06,NS,monitoring-surveillance,<20
2021-06-06,NU,exposed-expose,<20
2021-06-06,NU,monitoring-surveillance,<20
2021-06-06,ON,exposed-expose,79
2021-06-06,ON,monitoring-surveillance,<20
2021-06-06,PE,exposed-expose,<20
2021-06-06,PE,monitoring-surveillance,<20
2021-06-06,QC,exposed-expose,<20
2021-06-06,QC,monitoring-surveillance,<20
2021-06-06,SK,exposed-expose,<20
2021-06-06,SK,monitoring-surveillance,<20
2021-06-06,YT,exposed-expose,<20
2021-06-06,YT,monitoring-surveillance,<20
2021-06-06,npts-ptso,exposed-expose,<20
2021-06-06,npts-ptso,monitoring-surveillance,<20
2021-06-07,AB,exposed-expose,<20
2021-06-07,AB,monitoring-surveillance,<20
2021-06-07,BC,exposed-expose,<20
2021-06-07,BC,monitoring-surveillance,<20
2021-06-07,MB,exposed-expose,34
2021-06-07,MB,monitoring-surveillance,<20
2021-06-07,NB,exposed-expose,<20
2021-06-07,NB,monitoring-surveillance,<20
2021-06-07,NL,exposed-expose,<20
2021-06-07,NL,monitoring-surveillance,<20
2021-06-07,NT,exposed-expose,<20
2021-06-07,NT,monitoring-surveillance,<20
2021-06-07,NS,exposed-expose,<20
2021-06-07,NS,monitoring-surveillance,<20
2021-06-07,NU,exposed-expose,<20
2021-06-07,NU,monitoring-surveillance,<20
2021-06-07,ON,exposed-expose,74
2021-06-07,ON,monitoring-surveillance,<20
2021-06-07,PE,exposed-expose,<20
2021-06-07,PE,monitoring-surveillance,<20
2021-06-07,QC,exposed-expose,<20
2021-06-07,QC,monitoring-surveillance,<20
2021-06-07,SK,exposed-expose,<20
2021-06-07,SK,monitoring-surveillance,<20
2021-06-07,YT,exposed-expose,<20
2021-06-07,YT,monitoring-surveillance,<20
2021-06-07,npts-ptso,exposed-expose,<20
2021-06-07,npts-ptso,monitoring-surveillance,<20
2021-06-08,AB,exposed-expose,<20
2021-06-08,AB,monitoring-surveillance,<20
2021-06-08,BC,exposed-expose,<20
2021-06-08,BC,monitoring-surveillance,<20
2021-06-08,MB,exposed-expose,<20
2021-06-08,MB,monitoring-surveillance,<20
2021-06-08,NB,exposed-expose,<20
2021-06-08,NB,monitoring-surveillance,<20
2021-06-08,NL,exposed-expose,<20
2021-06-08,NL,monitoring-surveillance,<20
2021-06-08,NT,exposed-expose,<20
2021-06-08,NT,monitoring-surveillance,<20
2021-06-08,NS,exposed-expose,<20
2021-06-08,NS,monitoring-surveillance,<20
2021-06-08,NU,exposed-expose,<20
2021-06-08,NU,monitoring-surveillance,<20
2021-06-08,ON,exposed-expose,112
2021-06-08,ON,monitoring-surveillance,20
2021-06-08,PE,exposed-expose,<20
2021-06-08,PE,monitoring-surveillance,<20
2021-06-08,QC,exposed-expose,<20
2021-06-08,QC,monitoring-surveillance,<20
2021-06-08,SK,exposed-expose,<20
2021-06-08,SK,monitoring-surveillance,<20
2021-06-08,YT,exposed-expose,<20
2021-06-08,YT,monitoring-surveillance,<20
2021-06-08,npts-ptso,exposed-expose,<20
2021-06-08,npts-ptso,monitoring-surveillance,<20
2021-06-09,AB,exposed-expose,<20
2021-06-09,AB,monitoring-surveillance,<20
2021-06-09,BC,exposed-expose,<20
2021-06-09,BC,monitoring-surveillance,<20
2021-06-09,MB,exposed-expose,20
2021-06-09,MB,monitoring-surveillance,<20
2021-06-09,NB,exposed-expose,<20
2021-06-09,NB,monitoring-surveillance,<20
2021-06-09,NL,exposed-expose,27
2021-06-09,NL,monitoring-surveillance,<20
2021-06-09,NT,exposed-expose,<20
2021-06-09,NT,monitoring-surveillance,<20
2021-06-09,NS,exposed-expose,<20
2021-06-09,NS,monitoring-surveillance,<20
2021-06-09,NU,exposed-expose,<20
2021-06-09,NU,monitoring-surveillance,<20
2021-06-09,ON,exposed-expose,144
2021-06-09,ON,monitoring-surveillance,<20
2021-06-09,PE,exposed-expose,<20
2021-06-09,PE,monitoring-surveillance,<20
2021-06-09,QC,exposed-expose,<20
2021-06-09,QC,monitoring-surveillance,<20
2021-06-09,SK,exposed-expose,22
2021-06-09,SK,monitoring-surveillance,<20
2021-06-09,YT,exposed-expose,<20
2021-06-09,YT,monitoring-surveillance,<20
2021-06-09,npts-ptso,exposed-expose,<20
2021-06-09,npts-ptso,monitoring-surveillance,<20
2021-06-10,AB,exposed-expose,<20
2021-06-10,AB,monitoring-surveillance,<20
2021-06-10,BC,exposed-expose,<20
2021-06-10,BC,monitoring-surveillance,<20
2021-06-10,MB,exposed-expose,<20
2021-06-10,MB,monitoring-surveillance,<20
2021-06-10,NB,exposed-expose,<20
2021-06-10,NB,monitoring-surveillance,<20
2021-06-10,NL,exposed-expose,<20
2021-06-10,NL,monitoring-surveillance,<20
2021-06-10,NT,exposed-expose,<20
2021-06-10,NT,monitoring-surveillance,<20
2021-06-10,NS,exposed-expose,<20
2021-06-10,NS,monitoring-surveillance,<20
2021-06-10,NU,exposed-expose,<20
2021-06-10,NU,monitoring-surveillance,<20
2021-06-10,ON,exposed-expose,125
2021-06-10,ON,monitoring-surveillance,<20
2021-06-10,PE,exposed-expose,<20
2021-06-10,PE,monitoring-surveillance,<20
2021-06-10,QC,exposed-expose,<20
2021-06-10,QC,monitoring-surveillance,<20
2021-06-10,SK,exposed-expose,<20
2021-06-10,SK,monitoring-surveillance,<20
2021-06-10,YT,exposed-expose,<20
2021-06-10,YT,monitoring-surveillance,<20
2021-06-10,npts-ptso,exposed-expose,<20
2021-06-10,npts-ptso,monitoring-surveillance,<20
2021-06-11,AB,exposed-expose,<20
2021-06-11,AB,monitoring-surveillance,<20
2021-06-11,BC,exposed-expose,<20
2021-06-11,BC,monitoring-surveillance,<20
2021-06-11,MB,exposed-expose,<20
2021-06-11,MB,monitoring-surveillance,<20
2021-06-11,NB,exposed-expose,<20
2021-06-11,NB,monitoring-surveillance,<20
2021-06-11,NL,exposed-expose,<20
2021-06-11,NL,monitoring-surveillance,<20
2021-06-11,NT,exposed-expose,<20
2021-06-11,NT,monitoring-surveillance,<20
2021-06-11,NS,exposed-expose,<20
2021-06-11,NS,monitoring-surveillance,<20
2021-06-11,NU,exposed-expose,<20
2021-06-11,NU,monitoring-surveillance,<20
2021-06-11,ON,exposed-expose,138
2021-06-11,ON,monitoring-surveillance,25
2021-06-11,PE,exposed-expose,<20
2021-06-11,PE,monitoring-surveillance,<20
2021-06-11,QC,exposed-expose,<20
2021-06-11,QC,monitoring-surveillance,<20
2021-06-11,SK,exposed-expose,<20
2021-06-11,SK,monitoring-surveillance,<20
2021-06-11,YT,exposed-expose,<20
2021-06-11,YT,monitoring-surveillance,<20
2021-06-11,npts-ptso,exposed-expose,<20
2021-06-11,npts-ptso,monitoring-surveillance,<20
2021-06-12,AB,exposed-expose,<20
2021-06-12,AB,monitoring-surveillance,<20
2021-06-12,BC,exposed-expose,<20
2021-06-12,BC,monitoring-surveillance,<20
2021-06-12,MB,exposed-expose,<20
2021-06-12,MB,monitoring-surveillance,<20
2021-06-12,NB,exposed-expose,<20
2021-06-12,NB,monitoring-surveillance,<20
2021-06-12,NL,exposed-expose,<20
2021-06-12,NL,monitoring-surveillance,<20
2021-06-12,NT,exposed-expose,<20
2021-06-12,NT,monitoring-surveillance,<20
2021-06-12,NS,exposed-expose,<20
2021-06-12,NS,monitoring-surveillance,<20
2021-06-12,NU,exposed-expose,<20
2021-06-12,NU,monitoring-surveillance,<20
2021-06-12,ON,exposed-expose,87
2021-06-12,ON,monitoring-surveillance,<20
2021-06-12,PE,exposed-expose,<20
2021-06-12,PE,monitoring-surveillance,<20
2021-06-12,QC,exposed-expose,<20
2021-06-12,QC,monitoring-surveillance,<20
2021-06-12,SK,exposed-expose,<20
2021-06-12,SK,monitoring-surveillance,<20
2021-06-12,YT,exposed-expose,<20
2021-06-12,YT,monitoring-surveillance,<20
2021-06-12,npts-ptso,exposed-expose,<20
2021-06-12,npts-ptso,monitoring-surveillance,<20
2021-06-13,AB,exposed-expose,<20
2021-06-13,AB,monitoring-surveillance,<20
2021-06-13,BC,exposed-expose,<20
2021-06-13,BC,monitoring-surveillance,<20
2021-06-13,MB,exposed-expose,<20
2021-06-13,MB,monitoring-surveillance,<20
2021-06-13,NB,exposed-expose,<20
2021-06-13,NB,monitoring-surveillance,<20
2021-06-13,NL,exposed-expose,<20
2021-06-13,NL,monitoring-surveillance,<20
2021-06-13,NT,exposed-expose,<20
2021-06-13,NT,monitoring-surveillance,<20
2021-06-13,NS,exposed-expose,<20
2021-06-13,NS,monitoring-surveillance,<20
2021-06-13,NU,exposed-expose,<20
2021-06-13,NU,monitoring-surveillance,<20
2021-06-13,ON,exposed-expose,92
2021-06-13,ON,monitoring-surveillance,<20
2021-06-13,PE,exposed-expose,<20
2021-06-13,PE,monitoring-surveillance,<20
2021-06-13,QC,exposed-expose,<20
2021-06-13,QC,monitoring-surveillance,<20
2021-06-13,SK,exposed-expose,<20
2021-06-13,SK,monitoring-surveillance,<20
2021-06-13,YT,exposed-expose,<20
2021-06-13,YT,monitoring-surveillance,<20
2021-06-13,npts-ptso,exposed-expose,<20
2021-06-13,npts-ptso,monitoring-surveillance,<20
2021-06-14,AB,exposed-expose,<20
2021-06-14,AB,monitoring-surveillance,<20
2021-06-14,BC,exposed-expose,<20
2021-06-14,BC,monitoring-surveillance,<20
2021-06-14,MB,exposed-expose,<20
2021-06-14,MB,monitoring-surveillance,<20
2021-06-14,NB,exposed-expose,<20
2021-06-14,NB,monitoring-surveillance,<20
2021-06-14,NL,exposed-expose,<20
2021-06-14,NL,monitoring-surveillance,<20
2021-06-14,NT,exposed-expose,<20
2021-06-14,NT,monitoring-surveillance,<20
2021-06-14,NS,exposed-expose,<20
2021-06-14,NS,monitoring-surveillance,<20
2021-06-14,NU,exposed-expose,<20
2021-06-14,NU,monitoring-surveillance,<20
2021-06-14,ON,exposed-expose,72
2021-06-14,ON,monitoring-surveillance,<20
2021-06-14,PE,exposed-expose,<20
2021-06-14,PE,monitoring-surveillance,<20
2021-06-14,QC,exposed-expose,<20
2021-06-14,QC,monitoring-surveillance,<20
2021-06-14,SK,exposed-expose,<20
2021-06-14,SK,monitoring-surveillance,<20
2021-06-14,YT,exposed-expose,<20
2021-06-14,YT,monitoring-surveillance,<20
2021-06-14,npts-ptso,exposed-expose,<20
2021-06-14,npts-ptso,monitoring-surveillance,<20
2021-06-15,AB,exposed-expose,<20
2021-06-15,AB,monitoring-surveillance,<20
2021-06-15,BC,exposed-expose,<20
2021-06-15,BC,monitoring-surveillance,<20
2021-06-15,MB,exposed-expose,<20
2021-06-15,MB,monitoring-surveillance,<20
2021-06-15,NB,exposed-expose,<20
2021-06-15,NB,monitoring-surveillance,<20
2021-06-15,NL,exposed-expose,<20
2021-06-15,NL,monitoring-surveillance,<20
2021-06-15,NT,exposed-expose,<20
2021-06-15,NT,monitoring-surveillance,<20
2021-06-15,NS,exposed-expose,<20
2021-06-15,NS,monitoring-surveillance,<20
2021-06-15,NU,exposed-expose,<20
2021-06-15,NU,monitoring-surveillance,<20
2021-06-15,ON,exposed-expose,51
2021-06-15,ON,monitoring-surveillance,<20
2021-06-15,PE,exposed-expose,<20
2021-06-15,PE,monitoring-surveillance,<20
2021-06-15,QC,exposed-expose,<20
2021-06-15,QC,monitoring-surveillance,<20
2021-06-15,SK,exposed-expose,23
2021-06-15,SK,monitoring-surveillance,<20
2021-06-15,YT,exposed-expose,<20
2021-06-15,YT,monitoring-surveillance,<20
2021-06-15,npts-ptso,exposed-expose,<20
2021-06-15,npts-ptso,monitoring-surveillance,<20
2021-06-16,AB,exposed-expose,<20
2021-06-16,AB,monitoring-surveillance,<20
2021-06-16,BC,exposed-expose,<20
2021-06-16,BC,monitoring-surveillance,<20
2021-06-16,MB,exposed-expose,<20
2021-06-16,MB,monitoring-surveillance,<20
2021-06-16,NB,exposed-expose,<20
2021-06-16,NB,monitoring-surveillance,<20
2021-06-16,NL,exposed-expose,<20
2021-06-16,NL,monitoring-surveillance,<20
2021-06-16,NT,exposed-expose,<20
2021-06-16,NT,monitoring-surveillance,<20
2021-06-16,NS,exposed-expose,<20
2021-06-16,NS,monitoring-surveillance,<20
2021-06-16,NU,exposed-expose,<20
2021-06-16,NU,monitoring-surveillance,<20
2021-06-16,ON,exposed-expose,38
2021-06-16,ON,monitoring-surveillance,<20
2021-06-16,PE,exposed-expose,<20
2021-06-16,PE,monitoring-surveillance,<20
2021-06-16,QC,exposed-expose,<20
2021-06-16,QC,monitoring-surveillance,<20
2021-06-16,SK,exposed-expose,<20
2021-06-16,SK,monitoring-surveillance,<20
2021-06-16,YT,exposed-expose,<20
2021-06-16,YT,monitoring-surveillance,<20
2021-06-16,npts-ptso,exposed-expose,<20
2021-06-16,npts-ptso,monitoring-surveillance,<20
